celebrity_name,ballroom_partner,season,placement,results,elimination_week,celebrity_industry,celebrity_age,week1_total_score,week1_avg_score,week1_judge_count,week2_total_score,week2_avg_score,week2_judge_count,week3_total_score,week3_avg_score,week3_judge_count,week4_total_score,week4_avg_score,week4_judge_count,week5_total_score,week5_avg_score,week5_judge_count,week6_total_score,week6_avg_score,week6_judge_count,week7_total_score,week7_avg_score,week7_judge_count,week8_total_score,week8_avg_score,week8_judge_count,week9_total_score,week9_avg_score,week9_judge_count,week10_total_score,week10_avg_score,week10_judge_count,week11_total_score,week11_avg_score,week11_judge_count
John O'Hurley,Charlotte Jorgensen,1,2,2nd Place,,Actor/Actress,50,20.0,6.666666666666667,3,26.0,8.666666666666666,3,24.0,8.0,3,21.0,7.0,3,27.0,9.0,3,27.0,9.0,3,,,0,,,0,,,0,,,0,,,0
Kelly Monaco,Alec Mazo,1,1,1st Place,,Actor/Actress,29,13.0,4.333333333333333,3,17.0,5.666666666666667,3,21.0,7.0,3,26.0,8.666666666666666,3,23.5,7.833333333333333,3,27.5,9.166666666666666,3,,,0,,,0,,,0,,,0,,,0
Evander Holyfield,Edyta Sliwinska,1,5,Eliminated Week 3,3.0,Athlete,42,18.0,6.0,3,14.0,4.666666666666667,3,13.0,4.333333333333333,3,,,0,,,0,,,0,,,0,,,0,,,0,,,0,,,0
Rachel Hunter,Jonathan Roberts,1,4,Eliminated Week 4,4.0,Model,35,20.0,6.666666666666667,3,24.0,8.0,3,26.0,8.666666666666666,3,25.0,8.333333333333334,3,,,0,,,0,,,0,,,0,,,0,,,0,,,0
Joey McIntyre,Ashly DelGrosso,1,3,3rd Place,,Singer/Rapper,32,20.0,6.666666666666667,3,21.0,7.0,3,22.0,7.333333333333333,3,20.0,6.666666666666667,3,22.5,7.5,3,,,0,,,0,,,0,,,0,,,0,,,0
Trista Sutter,Louis van Amstel,1,6,Eliminated Week 2,2.0,TV Personality,32,18.0,6.0,3,19.0,6.333333333333333,3,,,0,,,0,,,0,,,0,,,0,,,0,,,0,,,0,,,0
Tatum O'Neal,Nick Kosovich,2,9,Eliminated Week 2,2.0,Actor/Actress,42,23.0,7.666666666666667,3,17.0,5.666666666666667,3,,,0,,,0,,,0,,,0,,,0,,,0,,,0,,,0,,,0
Tia Carrere,Maksim Chmerkoskiy,2,6,Eliminated Week 5,5.0,Actor/Actress,39,20.0,6.666666666666667,3,22.0,7.333333333333333,3,26.0,8.666666666666666,3,25.0,8.333333333333334,3,22.0,7.333333333333333,3,,,0,,,0,,,0,,,0,,,0,,,0
George Hamilton,Edyta Sliwinska,2,5,Eliminated Week 6,6.0,Actor/Actress,66,18.0,6.0,3,22.0,7.333333333333333,3,22.0,7.333333333333333,3,21.0,7.0,3,24.0,8.0,3,23.0,7.666666666666667,3,,,0,,,0,,,0,,,0,,,0
Lisa Rinna,Louis van Amstel,2,4,Eliminated Week 7,7.0,Actor/Actress,42,19.0,6.333333333333333,3,20.0,6.666666666666667,3,25.0,8.333333333333334,3,26.0,8.666666666666666,3,25.0,8.333333333333334,3,27.0,9.0,3,26.5,8.833333333333334,3,,,0,,,0,,,0,,,0
Stacy Keibler,Tony Dovolani,2,3,3rd Place,,Athlete,26,22.0,7.333333333333333,3,29.0,9.666666666666666,3,27.0,9.0,3,26.0,8.666666666666666,3,30.0,10.0,3,30.0,10.0,3,27.5,9.166666666666666,3,28.6665,9.5555,3,,,0,,,0,,,0
Jerry Rice,Anna Trebunskaya,2,2,2nd Place,,Athlete,43,21.0,7.0,3,23.0,7.666666666666667,3,19.0,6.333333333333333,3,24.0,8.0,3,23.0,7.666666666666667,3,23.0,7.666666666666667,3,20.5,6.833333333333333,3,26.666600000000003,8.888866666666667,3,,,0,,,0,,,0
Giselle Fernandez,Jonathan Roberts,2,8,Eliminated Week 3,3.0,News Anchor,44,23.0,7.666666666666667,3,24.0,8.0,3,22.0,7.333333333333333,3,,,0,,,0,,,0,,,0,,,0,,,0,,,0,,,0
Master P,Ashly DelGrosso,2,7,Eliminated Week 4,4.0,Singer/Rapper,35,12.0,4.0,3,16.0,5.333333333333333,3,14.0,4.666666666666667,3,8.0,2.6666666666666665,3,,,0,,,0,,,0,,,0,,,0,,,0,,,0
Drew Lachey,Cheryl Burke,2,1,1st Place,,Singer/Rapper,29,24.0,8.0,3,27.0,9.0,3,27.0,9.0,3,28.0,9.333333333333334,3,27.0,9.0,3,30.0,10.0,3,27.5,9.166666666666666,3,28.9998,9.6666,3,,,0,,,0,,,0
Kenny Mayne,Andrea Hale,2,10,Eliminated Week 1,1.0,Sports Broadcaster,46,13.0,4.333333333333333,3,,,0,,,0,,,0,,,0,,,0,,,0,,,0,,,0,,,0,,,0
Harry Hamlin,Ashly DelGrosso,3,9,Eliminated Week 3,3.0,Actor/Actress,54,17.0,5.666666666666667,3,21.0,7.0,3,22.0,7.333333333333333,3,,,0,,,0,,,0,,,0,,,0,,,0,,,0,,,0
Vivica A. Fox,Nick Kosovich,3,8,Eliminated Week 4,4.0,Actor/Actress,42,22.0,7.333333333333333,3,24.0,8.0,3,27.0,9.0,3,24.0,8.0,3,,,0,,,0,,,0,,,0,,,0,,,0,,,0
Monique Coleman,Louis van Amstel,3,4,Eliminated Week 8,8.0,Actor/Actress,25,19.0,6.333333333333333,3,26.0,8.666666666666666,3,27.0,9.0,3,24.0,8.0,3,27.0,9.0,3,23.0,7.666666666666667,3,27.0,9.0,3,26.5,8.833333333333334,3,,,0,,,0,,,0
Joey Lawrence,Edyta Sliwinska,3,3,3rd Place,,Actor/Actress,30,21.0,7.0,3,29.0,9.666666666666666,3,22.0,7.333333333333333,3,27.0,9.0,3,25.0,8.333333333333334,3,24.0,8.0,3,28.5,9.5,3,27.0,9.0,3,29.5,9.833333333333334,3,,,0,,,0
Mario Lopez,Karina Smirnoff,3,2,2nd Place,,Actor/Actress,32,26.0,8.666666666666666,3,21.0,7.0,3,22.0,7.333333333333333,3,29.0,9.666666666666666,3,27.0,9.0,3,28.0,9.333333333333334,3,28.0,9.333333333333334,3,28.5,9.5,3,29.5,9.833333333333334,3,29.666600000000003,9.888866666666667,3,,,0
Emmitt Smith,Cheryl Burke,3,1,1st Place,,Athlete,37,24.0,8.0,3,24.0,8.0,3,19.0,6.333333333333333,3,24.0,8.0,3,27.0,9.0,3,25.0,8.333333333333334,3,28.5,9.5,3,27.0,9.0,3,29.5,9.833333333333334,3,29.666600000000003,9.888866666666667,3,,,0
Shanna Moakler,Jesse DeSoto,3,10,Eliminated Week 2,2.0,Model,31,18.0,6.0,3,22.0,7.333333333333333,3,,,0,,,0,,,0,,,0,,,0,,,0,,,0,,,0,,,0
Willa Ford,Maksim Chmerkoskiy,3,7,Eliminated Week 5,5.0,Singer/Rapper,25,22.0,7.333333333333333,3,23.0,7.666666666666667,3,22.0,7.333333333333333,3,28.0,9.333333333333334,3,27.0,9.0,3,,,0,,,0,,,0,,,0,,,0,,,0
Sara Evans,Tony Dovolani,3,6,Withdrew,-1.0,Singer/Rapper,35,15.0,5.0,3,21.0,7.0,3,25.0,8.333333333333334,3,20.0,6.666666666666667,3,24.0,8.0,3,,,0,,,0,,,0,,,0,,,0,,,0
Jerry Springer,Kym Johnson,3,5,Eliminated Week 7,7.0,TV Personality,62,16.0,5.333333333333333,3,19.0,6.333333333333333,3,21.0,7.0,3,22.0,7.333333333333333,3,24.0,8.0,3,18.0,6.0,3,23.0,7.666666666666667,3,,,0,,,0,,,0,,,0
Tucker Carlson,Elena Grinenko,3,11,Eliminated Week 1,1.0,TV Personality,37,12.0,4.0,3,,,0,,,0,,,0,,,0,,,0,,,0,,,0,,,0,,,0,,,0
John Ratzenberger,Edyta Sliwinska,4,6,Eliminated Week 7,7.0,Actor/Actress,59,17.0,5.666666666666667,3,21.0,7.0,3,20.0,6.666666666666667,3,16.0,5.333333333333333,3,18.0,6.0,3,19.0,6.333333333333333,3,22.5,7.5,3,,,0,,,0,,,0,,,0
Ian Ziering,Cheryl Burke,4,4,Eliminated Week 9,9.0,Actor/Actress,42,21.0,7.0,3,22.0,7.333333333333333,3,24.0,8.0,3,24.0,8.0,3,24.0,8.0,3,24.0,8.0,3,27.0,9.0,3,23.5,7.833333333333333,3,29.0,9.666666666666666,3,,,0,,,0
Clyde Drexler,Elena Grinenko,4,8,Eliminated Week 5,5.0,Athlete,44,16.0,5.333333333333333,3,18.0,6.0,3,16.0,5.333333333333333,3,15.0,5.0,3,13.0,4.333333333333333,3,,,0,,,0,,,0,,,0,,,0,,,0
Laila Ali,Maksim Chmerkoskiy,4,3,3rd Place,,Athlete,29,23.0,7.666666666666667,3,27.0,9.0,3,21.0,7.0,3,21.0,7.0,3,28.0,9.333333333333334,3,28.0,9.333333333333334,3,29.5,9.833333333333334,3,26.5,8.833333333333334,3,30.0,10.0,3,28.333200000000005,9.444400000000002,3,,,0
Apolo Anton Ohno,Julianne Hough,4,1,1st Place,,Athlete,24,21.0,7.0,3,26.0,8.666666666666666,3,23.0,7.666666666666667,3,26.0,8.666666666666666,3,30.0,10.0,3,28.0,9.333333333333334,3,27.0,9.0,3,29.0,9.666666666666666,3,29.5,9.833333333333334,3,29.3332,9.777733333333334,3,,,0
Shandi Finnessey,Brian Fortuna,4,10,Eliminated Week 3,3.0,Beauty Pagent,28,19.0,6.333333333333333,3,20.0,6.666666666666667,3,21.0,7.0,3,,,0,,,0,,,0,,,0,,,0,,,0,,,0,,,0
Paulina Porizkova,Alec Mazo,4,11,Eliminated Week 2,2.0,Model,41,19.0,6.333333333333333,3,21.0,7.0,3,,,0,,,0,,,0,,,0,,,0,,,0,,,0,,,0,,,0
Heather Mills,Jonathan Roberts,4,7,Eliminated Week 6,6.0,Model,39,18.0,6.0,3,24.0,8.0,3,24.0,8.0,3,23.0,7.666666666666667,3,21.0,7.0,3,23.0,7.666666666666667,3,,,0,,,0,,,0,,,0,,,0
Billy Ray Cyrus,Karina Smirnoff,4,5,Eliminated Week 8,8.0,Singer/Rapper,45,13.0,4.333333333333333,3,21.0,7.0,3,21.0,7.0,3,21.0,7.0,3,17.0,5.666666666666667,3,21.0,7.0,3,19.0,6.333333333333333,3,19.0,6.333333333333333,3,,,0,,,0,,,0
Joey Fatone,Kym Johnson,4,2,2nd Place,,Singer/Rapper,30,24.0,8.0,3,24.0,8.0,3,24.0,8.0,3,28.0,9.333333333333334,3,25.0,8.333333333333334,3,27.0,9.0,3,29.5,9.833333333333334,3,27.5,9.166666666666666,3,30.0,10.0,3,28.6665,9.5555,3,,,0
Leeza Gibbons,Tony Dovolani,4,9,Eliminated Week 4,4.0,TV Personality,50,15.0,5.0,3,21.0,7.0,3,24.0,8.0,3,16.0,5.333333333333333,3,,,0,,,0,,,0,,,0,,,0,,,0,,,0
Cameron Mathison,Edyta Sliwinska,5,5,Eliminated Week 8,8.0,Actor/Actress,38,21.0,7.0,3,21.0,7.0,3,23.0,7.666666666666667,3,27.0,9.0,3,26.0,8.666666666666666,3,25.0,8.333333333333334,3,25.5,8.5,3,25.5,8.5,3,,,0,,,0,,,0
Jane Seymour,Tony Dovolani,5,6,Eliminated Week 7,7.0,Actor/Actress,56,24.0,8.0,3,21.0,7.0,3,27.0,9.0,3,26.0,8.666666666666666,3,26.0,8.666666666666666,3,22.0,7.333333333333333,3,25.0,8.333333333333334,3,,,0,,,0,,,0,,,0
Sabrina Bryan,Mark Ballas,5,7,Eliminated Week 6,6.0,Actor/Actress,23,26.0,8.666666666666666,3,26.0,8.666666666666666,3,27.0,9.0,3,30.0,10.0,3,28.0,9.333333333333334,3,25.0,8.333333333333334,3,,,0,,,0,,,0,,,0,,,0
Jennie Garth,Derek Hough,5,4,Eliminated Week 9,9.0,Actor/Actress,35,21.0,7.0,3,21.0,7.0,3,26.0,8.666666666666666,3,27.0,9.0,3,25.0,8.333333333333334,3,27.0,9.0,3,26.5,8.833333333333334,3,25.0,8.333333333333334,3,29.0,9.666666666666666,3,,,0,,,0
Floyd Mayweather Jr. ,Karina Smirnoff,5,9,Eliminated Week 4,4.0,Athlete,30,18.0,6.0,3,21.0,7.0,3,21.0,7.0,3,23.0,7.666666666666667,3,,,0,,,0,,,0,,,0,,,0,,,0,,,0
Josie Maran,Alec Mazo,5,12,Eliminated Week 1,1.0,Model,29,16.0,5.333333333333333,3,,,0,,,0,,,0,,,0,,,0,,,0,,,0,,,0,,,0,,,0
Albert Reed,Anna Trebunskaya,5,11,Eliminated Week 2,2.0,Model,22,21.0,7.0,3,21.0,7.0,3,,,0,,,0,,,0,,,0,,,0,,,0,,,0,,,0,,,0
Helio Castroneves,Julianne Hough,5,1,1st Place,,Racing Driver,32,25.0,8.333333333333334,3,27.0,9.0,3,24.0,8.0,3,27.0,9.0,3,23.0,7.666666666666667,3,28.0,9.333333333333334,3,26.0,8.666666666666666,3,28.5,9.5,3,30.0,10.0,3,27.999900000000004,9.333300000000001,3,,,0
Mel B,Maksim Chmerkoskiy,5,2,2nd Place,,Singer/Rapper,32,24.0,8.0,3,23.0,7.666666666666667,3,27.0,9.0,3,26.0,8.666666666666666,3,29.0,9.666666666666666,3,30.0,10.0,3,27.0,9.0,3,28.0,9.333333333333334,3,30.0,10.0,3,28.333199999999998,9.4444,3,,,0
Wayne Newton,Cheryl Burke,5,10,Eliminated Week 3,3.0,Singer/Rapper,65,19.0,6.333333333333333,3,15.0,5.0,3,18.0,6.0,3,,,0,,,0,,,0,,,0,,,0,,,0,,,0,,,0
Marie Osmond,Jonathan Roberts,5,3,3rd Place,,Singer/Rapper,47,21.0,7.0,3,24.0,8.0,3,26.0,8.666666666666666,3,26.0,8.666666666666666,3,21.0,7.0,3,23.0,7.666666666666667,3,26.0,8.666666666666666,3,24.5,8.166666666666666,3,28.0,9.333333333333334,3,23.0,7.666666666666667,3,,,0
Mark Cuban,Kym Johnson,5,8,Eliminated Week 5,5.0,TV Personality,49,21.0,7.0,3,18.0,6.0,3,20.0,6.666666666666667,3,22.0,7.333333333333333,3,21.0,7.0,3,,,0,,,0,,,0,,,0,,,0,,,0
Cristian de la Fuente,Cheryl Burke,6,3,3rd Place,,Actor/Actress,34,21.0,7.0,3,20.0,6.666666666666667,3,25.0,8.333333333333334,3,26.0,8.666666666666666,3,23.0,7.666666666666667,3,27.0,9.0,3,23.0,7.666666666666667,3,28.5,9.5,3,28.0,9.333333333333334,3,26.0,8.666666666666666,3,,,0
Steve Guttenberg,Anna Trebunskaya,6,10,Eliminated Week 3,3.0,Actor/Actress,49,18.0,6.0,3,16.0,5.333333333333333,3,21.0,7.0,3,,,0,,,0,,,0,,,0,,,0,,,0,,,0,,,0
Priscilla Presley,Louis van Amstel,6,8,Eliminated Week 5,5.0,Actor/Actress,62,24.0,8.0,3,21.0,7.0,3,26.0,8.666666666666666,3,22.0,7.333333333333333,3,21.0,7.0,3,,,0,,,0,,,0,,,0,,,0,,,0
Marlee Matlin,Fabian Sanchez,6,7,Eliminated Week 6,6.0,Actor/Actress,42,22.0,7.333333333333333,3,24.0,8.0,3,21.0,7.0,3,24.0,8.0,3,22.0,7.333333333333333,3,21.0,7.0,3,,,0,,,0,,,0,,,0,,,0
Shannon Elizabeth,Derek Hough,6,6,Eliminated Week 7,7.0,Actor/Actress,34,21.0,7.0,3,24.0,8.0,3,24.0,8.0,3,28.0,9.333333333333334,3,23.0,7.666666666666667,3,24.0,8.0,3,25.5,8.5,3,,,0,,,0,,,0,,,0
Marissa Jaret Winokur,Tony Dovolani,6,4,Eliminated Week 9,9.0,Actor/Actress,35,18.0,6.0,3,21.0,7.0,3,19.0,6.333333333333333,3,24.0,8.0,3,24.0,8.0,3,26.0,8.666666666666666,3,26.0,8.666666666666666,3,25.0,8.333333333333334,3,26.0,8.666666666666666,3,,,0,,,0
Jason Taylor,Edyta Sliwinska,6,2,2nd Place,,Athlete,33,22.0,7.333333333333333,3,27.0,9.0,3,23.0,7.666666666666667,3,29.0,9.666666666666666,3,27.0,9.0,3,24.0,8.0,3,27.5,9.166666666666666,3,26.0,8.666666666666666,3,27.5,9.166666666666666,3,28.5,9.5,3,,,0
Kristi Yamaguchi,Mark Ballas,6,1,1st Place,,Athlete,36,27.0,9.0,3,27.0,9.0,3,27.0,9.0,3,29.0,9.666666666666666,3,29.0,9.666666666666666,3,30.0,10.0,3,27.0,9.0,3,27.5,9.166666666666666,3,28.5,9.5,3,30.0,10.0,3,,,0
Monica Seles,Jonathan Roberts,6,11,Eliminated Week 2,2.0,Athlete,34,15.0,5.0,3,15.0,5.0,3,,,0,,,0,,,0,,,0,,,0,,,0,,,0,,,0,,,0
Penn Jillette,Kym Johnson,6,12,Eliminated Week 2,2.0,Magician,53,16.0,5.333333333333333,3,17.0,5.666666666666667,3,,,0,,,0,,,0,,,0,,,0,,,0,,,0,,,0,,,0
Adam Carolla,Julianne Hough,6,9,Eliminated Week 4,4.0,Radio Personality,43,15.0,5.0,3,19.0,6.333333333333333,3,21.0,7.0,3,19.0,6.333333333333333,3,,,0,,,0,,,0,,,0,,,0,,,0,,,0
Mario,Karina Smirnoff,6,5,Eliminated Week 8,8.0,Singer/Rapper,21,24.0,8.0,3,26.0,8.666666666666666,3,21.0,7.0,3,24.0,8.0,3,27.0,9.0,3,28.0,9.333333333333334,3,25.5,8.5,3,26.5,8.833333333333334,3,,,0,,,0,,,0
Ted McGinley,Inna Brayer,7,12,Eliminated Week 1,1.0,Actor/Actress,50,18.5,6.166666666666667,3,,,0,,,0,,,0,,,0,,,0,,,0,,,0,,,0,,,0,,,0
Cloris Leachman,Corky Ballas,7,7,Eliminated Week 6,6.0,Actor/Actress,82,16.0,5.333333333333333,3,15.0,5.0,3,16.0,5.333333333333333,3,22.0,7.333333333333333,3,21.0,7.0,3,15.0,5.0,3,,,0,,,0,,,0,,,0,,,0
Susan Lucci,Tony Dovolani,7,6,Eliminated Week 7,7.0,Actor/Actress,61,18.5,6.166666666666667,3,21.0,7.0,3,21.0,7.0,3,24.0,8.0,3,22.0,7.333333333333333,3,23.0,7.666666666666667,3,24.0,8.0,3,,,0,,,0,,,0,,,0
Cody Linley,Julianne Hough,7,4,Eliminated Week 9,9.0,Actor/Actress,18,20.5,6.833333333333333,3,21.0,7.0,3,21.0,7.0,3,23.0,7.666666666666667,3,28.0,9.333333333333334,3,23.0,7.666666666666667,3,22.0,7.333333333333333,3,24.0,8.0,3,23.0,7.666666666666667,3,,,0,,,0
Misty May-Treanor,Maksim Chmerkoskiy,7,10,Withdrew,-1.0,Athlete,31,21.0,7.0,3,21.0,7.0,3,,,0,,,0,,,0,,,0,,,0,,,0,,,0,,,0,,,0
Maurice Greene,Cheryl Burke,7,5,Eliminated Week 8,8.0,Athlete,34,19.5,6.5,3,19.0,6.333333333333333,3,24.0,8.0,3,20.0,6.666666666666667,3,27.0,9.0,3,21.0,7.0,3,25.0,8.333333333333334,3,24.0,8.0,3,,,0,,,0,,,0
Warren Sapp,Kym Johnson,7,2,2nd Place,,Athlete,35,21.5,7.166666666666667,3,24.0,8.0,3,25.0,8.333333333333334,3,22.0,7.333333333333333,3,25.0,8.333333333333334,3,25.0,8.333333333333334,3,21.0,7.0,3,27.0,9.0,3,24.5,8.166666666666666,3,27.5,9.166666666666666,3,,,0
Jeffrey Ross,Edyta Sliwinska,7,13,Eliminated Week 1,1.0,Comedian,43,12.0,4.0,3,,,0,,,0,,,0,,,0,,,0,,,0,,,0,,,0,,,0,,,0
Toni Braxton,Alec Mazo,7,8,Eliminated Week 5,5.0,Singer/Rapper,40,22.5,7.5,3,23.0,7.666666666666667,3,22.0,7.333333333333333,3,22.0,7.333333333333333,3,22.0,7.333333333333333,3,,,0,,,0,,,0,,,0,,,0,,,0
Lance Bass,Lacey Schwimmer,7,3,3rd Place,,Singer/Rapper,29,21.5,7.166666666666667,3,20.0,6.666666666666667,3,22.0,7.333333333333333,3,26.0,8.666666666666666,3,21.0,7.0,3,27.0,9.0,3,25.0,8.333333333333334,3,25.0,8.333333333333334,3,28.5,9.5,3,27.5,9.166666666666666,3,,,0
Kim Kardashian,Mark Ballas,7,11,Eliminated Week 2,2.0,TV Personality,27,18.5,6.166666666666667,3,17.0,5.666666666666667,3,,,0,,,0,,,0,,,0,,,0,,,0,,,0,,,0,,,0
Rocco DiSpirito,Karina Smirnoff,7,9,Eliminated Week 4,4.0,TV Personality,41,17.5,5.833333333333333,3,16.0,5.333333333333333,3,20.0,6.666666666666667,3,18.0,6.0,3,,,0,,,0,,,0,,,0,,,0,,,0,,,0
Brooke Burke,Derek Hough,7,1,1st Place,,TV Personality,37,24.5,8.166666666666666,3,24.0,8.0,3,28.0,9.333333333333334,3,26.0,8.666666666666666,3,29.0,9.666666666666666,3,26.0,8.666666666666666,3,30.0,10.0,3,27.5,9.166666666666666,3,24.5,8.166666666666666,3,30.0,10.0,3,,,0
Gilles Marini,Cheryl Burke,8,2,2nd Place,,Actor/Actress,33,24.0,8.0,3,27.0,9.0,3,27.0,9.0,3,30.0,10.0,3,29.0,9.666666666666666,3,26.0,8.666666666666666,3,27.0,9.0,3,27.5,9.166666666666666,3,28.0,9.333333333333334,3,30.0,10.0,3,29.0,9.666666666666666,3
Denise Richards,Maksim Chmerkoskiy,8,12,Eliminated Week 3,3.0,Actor/Actress,38,18.0,6.0,3,21.0,7.0,3,16.0,5.333333333333333,3,,,0,,,0,,,0,,,0,,,0,,,0,,,0,,,0
David Alan Grier,Kym Johnson,8,9,Eliminated Week 5,5.0,Actor/Actress,52,19.0,6.333333333333333,3,17.0,5.666666666666667,3,24.0,8.0,3,22.0,7.333333333333333,3,22.0,7.333333333333333,3,,,0,,,0,,,0,,,0,,,0,,,0
Lawrence Taylor,Edyta Sliwinska,8,7,Eliminated Week 7,7.0,Athlete,50,16.0,5.333333333333333,3,20.0,6.666666666666667,3,20.0,6.666666666666667,3,19.0,6.333333333333333,3,20.0,6.666666666666667,3,22.0,7.333333333333333,3,21.0,7.0,3,,,0,,,0,,,0,,,0
Ty Murray,Chelsie Hightower,8,4,Eliminated Week 10,10.0,Athlete,39,14.0,4.666666666666667,3,20.0,6.666666666666667,3,23.0,7.666666666666667,3,25.0,8.333333333333334,3,21.0,7.0,3,18.0,6.0,3,24.0,8.0,3,26.0,8.666666666666666,3,23.0,7.666666666666667,3,24.0,8.0,3,,,0
Shawn Johnson,Mark Ballas,8,1,1st Place,,Athlete,17,23.0,7.666666666666667,3,24.0,8.0,3,27.0,9.0,3,25.0,8.333333333333334,3,26.0,8.666666666666666,3,26.0,8.666666666666666,3,28.0,9.333333333333334,3,26.0,8.666666666666666,3,28.0,9.333333333333334,3,28.0,9.333333333333334,3,30.0,10.0,3
Steve Wozniak,Karina Smirnoff,8,10,Eliminated Week 4,4.0,Entrepreneur,58,13.0,4.333333333333333,3,17.0,5.666666666666667,3,10.0,3.3333333333333335,3,12.0,4.0,3,,,0,,,0,,,0,,,0,,,0,,,0,,,0
Belinda Carlisle,Jonathan Roberts,8,13,Eliminated Week 2,2.0,Singer/Rapper,50,17.0,5.666666666666667,3,18.0,6.0,3,,,0,,,0,,,0,,,0,,,0,,,0,,,0,,,0,,,0
Chuck Wicks,Julianne Hough,8,6,Eliminated Week 8,8.0,Singer/Rapper,29,20.0,6.666666666666667,3,20.0,6.666666666666667,3,23.0,7.666666666666667,3,22.0,7.333333333333333,3,23.0,7.666666666666667,3,23.0,7.666666666666667,3,27.0,9.0,3,25.5,8.5,3,,,0,,,0,,,0
Lil' Kim,Derek Hough,8,5,Eliminated Week 9,9.0,Singer/Rapper,34,21.0,7.0,3,23.0,7.666666666666667,3,25.0,8.333333333333334,3,27.0,9.0,3,26.0,8.666666666666666,3,28.0,9.333333333333334,3,26.0,8.666666666666666,3,28.0,9.333333333333334,3,26.0,8.666666666666666,3,,,0,,,0
Steve-O,Lacey Schwimmer,8,8,Eliminated Week 6,6.0,TV Personality,34,17.0,5.666666666666667,3,14.0,4.666666666666667,3,15.0,5.0,3,15.0,5.0,3,18.0,6.0,3,16.0,5.333333333333333,3,,,0,,,0,,,0,,,0,,,0
Holly Madison,Dmitry Chaplin,8,11,Eliminated Week 4,4.0,TV Personality,30,18.0,6.0,3,18.0,6.0,3,17.0,5.666666666666667,3,16.0,5.333333333333333,3,,,0,,,0,,,0,,,0,,,0,,,0,,,0
Melissa Rycroft,Tony Dovolani,8,3,3rd Place,,TV Personality,26,23.0,7.666666666666667,3,26.0,8.666666666666666,3,27.0,9.0,3,29.0,9.666666666666666,3,25.0,8.333333333333334,3,27.0,9.0,3,29.0,9.666666666666666,3,23.0,7.666666666666667,3,28.5,9.5,3,27.5,9.166666666666666,3,28.5,9.5,3
Ashley Hamiliton,Edyta Sliwinska,9,16,Eliminated Week 1,1.0,Actor/Actress,34,18.9999,6.3333,3,,,0,,,0,,,0,,,0,,,0,,,0,,,0,,,0,,,0,,,0
Debi Mazar,Maksim Chmerkoskiy,9,12,Eliminated Week 3,3.0,Actor/Actress,45,22.0,7.333333333333333,3,21.0,7.0,3,17.0,5.666666666666667,3,,,0,,,0,,,0,,,0,,,0,,,0,,,0,,,0
Melissa Joan Hart,Mark Ballas,9,9,Eliminated Week 6,6.0,Actor/Actress,33,24.0,8.0,3,19.0,6.333333333333333,3,19.0,6.333333333333333,3,28.0,9.333333333333334,3,23.0,7.666666666666667,3,23.9999,7.9999666666666664,3,,,0,,,0,,,0,,,0,,,0
Mark Dacascos,Lacey Schwimmer,9,6,Eliminated Week 7,7.0,Actor/Actress,45,28.9998,9.6666,3,21.0,7.0,3,18.0,6.0,3,22.0,7.333333333333333,3,26.0,8.666666666666666,3,32.0,10.666666666666666,3,21.5,7.166666666666667,3,,,0,,,0,,,0,,,0
Chuck Liddell,Anna Trebunskaya,9,11,Eliminated Week 4,4.0,Athlete,39,22.0,7.333333333333333,3,19.0,6.333333333333333,3,17.0,5.666666666666667,3,17.0,5.666666666666667,3,,,0,,,0,,,0,,,0,,,0,,,0,,,0
Natalie Coughlin,Alec Mazo,9,10,Eliminated Week 5,5.0,Athlete,27,26.9998,8.999933333333333,3,21.0,7.0,3,26.0,8.666666666666666,3,24.0,8.0,3,22.0,7.333333333333333,3,,,0,,,0,,,0,,,0,,,0,,,0
Louie Vito,Chelsie Hightower,9,8,Eliminated Week 6,6.0,Athlete,21,26.9998,8.999933333333333,3,19.0,6.333333333333333,3,20.0,6.666666666666667,3,16.0,5.333333333333333,3,22.0,7.333333333333333,3,24.0,8.0,3,,,0,,,0,,,0,,,0,,,0
Michael Irvin,Anna Demidova,9,7,Eliminated Week 7,7.0,Athlete,43,19.0,6.333333333333333,3,20.0,6.666666666666667,3,14.0,4.666666666666667,3,16.0,5.333333333333333,3,21.0,7.0,3,21.9998,7.333266666666667,3,23.5,7.833333333333333,3,,,0,,,0,,,0,,,0
Joanna Krupa,Derek Hough,9,4,Eliminated Week 9,9.0,Model,30,33.9999,11.3333,3,20.0,6.666666666666667,3,23.0,7.666666666666667,3,26.0,8.666666666666666,3,24.0,8.0,3,35.9999,11.999966666666666,3,27.5,9.166666666666666,3,26.0,8.666666666666666,3,27.0,9.0,3,,,0,,,0
Kathy Ireland,Tony Dovolani,9,14,Eliminated Week 2,2.0,Model,46,19.9999,6.666633333333333,3,18.0,6.0,3,,,0,,,0,,,0,,,0,,,0,,,0,,,0,,,0,,,0
Tom DeLay,Cheryl Burke,9,13,Withdrew,-1.0,Politician,62,19.9999,6.666633333333333,3,18.0,6.0,3,15.0,5.0,3,,,0,,,0,,,0,,,0,,,0,,,0,,,0,,,0
Macy Gray,Jonathan Roberts,9,15,Eliminated Week 1,1.0,Singer/Rapper,42,18.9999,6.3333,3,,,0,,,0,,,0,,,0,,,0,,,0,,,0,,,0,,,0,,,0
Aaron Carter,Karina Smirnoff,9,5,Eliminated Week 8,8.0,Singer/Rapper,21,31.999899999999997,10.666633333333332,3,27.0,9.0,3,21.0,7.0,3,18.0,6.0,3,24.0,8.0,3,32.9998,10.999933333333333,3,26.5,8.833333333333334,3,25.0,8.333333333333334,3,,,0,,,0,,,0
Mya,Dmitry Chaplin,9,2,2nd Place,,Singer/Rapper,29,30.999899999999997,10.3333,3,27.0,9.0,3,27.0,9.0,3,28.0,9.333333333333334,3,27.0,9.0,3,33.0,11.0,3,24.5,8.166666666666666,3,29.5,9.833333333333334,3,28.9999,9.666633333333333,3,28.333199999999998,9.4444,3,,,0
Donny Osmond,Kym Johnson,9,1,1st Place,,Singer/Rapper,51,29.999899999999997,9.999966666666666,3,25.0,8.333333333333334,3,21.0,7.0,3,24.0,8.0,3,29.0,9.666666666666666,3,30.999899999999997,10.3333,3,26.0,8.666666666666666,3,25.0,8.333333333333334,3,24.666600000000003,8.2222,3,28.9998,9.6666,3,,,0
Kelly Osbourne,Louis van Amstel,9,3,3rd Place,,TV Personality,24,30.9998,10.333266666666667,3,19.0,6.333333333333333,3,20.0,6.666666666666667,3,23.0,7.666666666666667,3,24.0,8.0,3,24.9998,8.333266666666667,3,26.0,8.666666666666666,3,25.5,8.5,3,25.9998,8.6666,3,25.2222,8.4074,3,,,0
Aiden Turner,Edyta Sliwinska,10,9,Eliminated Week 4,4.0,Actor/Actress,32,15.0,5.0,3,19.0,6.333333333333333,3,20.0,6.666666666666667,3,16.5,5.5,3,,,0,,,0,,,0,,,0,,,0,,,0,,,0
Shannen Doherty,Mark Ballas,10,11,Eliminated Week 2,2.0,Actor/Actress,38,18.0,6.0,3,20.0,6.666666666666667,3,,,0,,,0,,,0,,,0,,,0,,,0,,,0,,,0,,,0
Niecy Nash,Louis van Amstel,10,5,Eliminated Week 8,8.0,Actor/Actress,40,18.0,6.0,3,21.0,7.0,3,21.0,7.0,3,18.0,6.0,3,18.0,6.0,3,25.9998,8.6666,3,24.5,8.166666666666666,3,21.5,7.166666666666667,3,,,0,,,0,,,0
Buzz Aldrin,Ashly DelGrosso,10,10,Eliminated Week 3,3.0,Astronaut,80,14.0,4.666666666666667,3,12.0,4.0,3,13.0,4.333333333333333,3,,,0,,,0,,,0,,,0,,,0,,,0,,,0,,,0
Chad Ochocinco,Cheryl Burke,10,4,Eliminated Week 9,9.0,Athlete,32,18.0,6.0,3,16.0,5.333333333333333,3,20.0,6.666666666666667,3,22.0,7.333333333333333,3,18.0,6.0,3,30.999899999999997,10.3333,3,26.0,8.666666666666666,3,22.5,7.5,3,26.0,8.666666666666666,3,,,0,,,0
Evan Lysacek,Anna Trebunskaya,10,2,2nd Place,,Athlete,24,23.0,7.666666666666667,3,24.0,8.0,3,26.0,8.666666666666666,3,26.0,8.666666666666666,3,27.0,9.0,3,27.0,9.0,3,27.0,9.0,3,26.5,8.833333333333334,3,29.5,9.833333333333334,3,26.888699999999996,8.9629,3,,,0
Pamela Anderson,Damian Whitewood,10,6,Eliminated Week 7,7.0,Model,42,21.0,7.0,3,22.0,7.333333333333333,3,21.0,7.0,3,23.5,7.833333333333333,3,21.0,7.0,3,29.9998,9.999933333333333,3,25.5,8.5,3,,,0,,,0,,,0,,,0
Nicole Scherzinger,Derek Hough,10,1,1st Place,,Singer/Rapper,31,25.0,8.333333333333334,3,28.0,9.333333333333334,3,23.0,7.666666666666667,3,25.0,8.333333333333334,3,29.0,9.666666666666666,3,35.9999,11.999966666666666,3,27.0,9.0,3,29.5,9.833333333333334,3,29.5,9.833333333333334,3,28.7777,9.592566666666666,3,,,0
Erin Andrews,Maksim Chmerkoskiy,10,3,3rd Place,,Sports Broadcaster,32,21.0,7.0,3,23.0,7.666666666666667,3,23.0,7.666666666666667,3,19.5,6.5,3,22.0,7.333333333333333,3,34.0,11.333333333333334,3,25.5,8.5,3,26.5,8.833333333333334,3,28.0,9.333333333333334,3,26.9998,8.999933333333333,3,,,0
Kate Gosselin,Tony Dovolani,10,8,Eliminated Week 5,5.0,TV Personality,35,16.0,5.333333333333333,3,15.0,5.0,3,15.0,5.0,3,16.0,5.333333333333333,3,15.0,5.0,3,,,0,,,0,,,0,,,0,,,0,,,0
Jake Pavelka,Chelsie Hightower,10,7,Eliminated Week 6,6.0,TV Personality,32,20.0,6.666666666666667,3,20.0,6.666666666666667,3,21.0,7.0,3,19.0,6.333333333333333,3,23.0,7.666666666666667,3,24.999899999999997,8.3333,3,,,0,,,0,,,0,,,0,,,0
David Hasselhoff,Kym Johnson,11,12,Eliminated Week 1,1.0,Actor/Actress,58,15.0,5.0,3,,,0,,,0,,,0,,,0,,,0,,,0,,,0,,,0,,,0,,,0
Florence Henderson,Corky Ballas,11,8,Eliminated Week 5,5.0,Actor/Actress,76,18.0,6.0,3,19.0,6.333333333333333,3,20.0,6.666666666666667,3,17.5,5.833333333333333,3,21.0,7.0,3,,,0,,,0,,,0,,,0,,,0,,,0
Kyle Massey,Lacey Schwimmer,11,2,2nd Place,,Actor/Actress,19,23.0,7.666666666666667,3,22.0,7.333333333333333,3,23.0,7.666666666666667,3,20.0,6.666666666666667,3,20.0,6.666666666666667,3,29.999899999999997,9.999966666666666,3,33.5,8.375,4,28.0,9.333333333333334,3,29.0,9.666666666666666,3,27.333199999999998,9.111066666666666,3,,,0
Jennifer Grey,Derek Hough,11,1,1st Place,,Actor/Actress,50,24.0,8.0,3,24.0,8.0,3,24.0,8.0,3,28.0,9.333333333333334,3,25.0,8.333333333333334,3,29.0,9.666666666666666,3,36.5,9.125,4,28.5,9.5,3,30.0,10.0,3,30.0,10.0,3,,,0
Rick Fox,Cheryl Burke,11,6,Eliminated Week 7,7.0,Athlete,41,22.0,7.333333333333333,3,21.0,7.0,3,24.0,8.0,3,19.5,6.5,3,24.0,8.0,3,30.0,10.0,3,34.5,8.625,4,,,0,,,0,,,0,,,0
Kurt Warner,Anna Trebunskaya,11,5,Eliminated Week 8,8.0,Athlete,39,19.0,6.333333333333333,3,21.0,7.0,3,23.0,7.666666666666667,3,17.0,5.666666666666667,3,24.0,8.0,3,21.9999,7.3333,3,35.0,8.75,4,24.0,8.0,3,,,0,,,0,,,0
Margaret Cho,Louis van Amstel,11,10,Eliminated Week 3,3.0,Comedian,41,15.0,5.0,3,18.0,6.0,3,18.0,6.0,3,,,0,,,0,,,0,,,0,,,0,,,0,,,0,,,0
Michael Bolton,Chelsie Hightower,11,11,Eliminated Week 2,2.0,Singer/Rapper,57,16.0,5.333333333333333,3,12.0,4.0,3,,,0,,,0,,,0,,,0,,,0,,,0,,,0,,,0,,,0
Brandy,Maksim Chmerkoskiy,11,4,Eliminated Week 9,9.0,Singer/Rapper,31,23.0,7.666666666666667,3,21.0,7.0,3,24.0,8.0,3,24.0,8.0,3,27.0,9.0,3,35.9999,11.999966666666666,3,36.5,9.125,4,28.5,9.5,3,28.5,9.5,3,,,0,,,0
The Situation,Karina Smirnoff,11,9,Eliminated Week 4,4.0,TV Personality,28,15.0,5.0,3,18.0,6.0,3,20.0,6.666666666666667,3,14.0,4.666666666666667,3,,,0,,,0,,,0,,,0,,,0,,,0,,,0
Audrina Patridge,Tony Dovolani,11,7,Eliminated Week 6,6.0,TV Personality,25,19.0,6.333333333333333,3,23.0,7.666666666666667,3,26.0,8.666666666666666,3,23.0,7.666666666666667,3,23.0,7.666666666666667,3,31.9998,10.6666,3,,,0,,,0,,,0,,,0,,,0
Bristol Palin,Mark Ballas,11,3,3rd Place,,TV Personality,19,18.0,6.0,3,22.0,7.333333333333333,3,19.0,6.333333333333333,3,16.0,5.333333333333333,3,18.0,6.0,3,27.9998,9.333266666666667,3,32.5,8.125,4,23.5,7.833333333333333,3,26.5,8.833333333333334,3,25.666600000000003,8.555533333333335,3,,,0
Ralph Macchio,Karina Smirnoff,12,4,Eliminated Week 9,9.0,Actor/Actress,49,24.0,8.0,3,21.0,7.0,3,21.0,7.0,3,25.0,8.333333333333334,3,22.0,7.333333333333333,3,24.0,8.0,3,33.0,8.25,4,23.0,7.666666666666667,3,24.0,8.0,3,,,0,,,0
Chelsea Kane,Mark Ballas,12,3,3rd Place,,Actor/Actress,22,21.0,7.0,3,18.0,6.0,3,23.0,7.666666666666667,3,26.0,8.666666666666666,3,26.0,8.666666666666666,3,28.0,9.333333333333334,3,32.0,8.0,4,27.5,9.166666666666666,3,36.5,12.166666666666666,3,29.666600000000003,9.888866666666667,3,,,0
Kirstie Alley,Maksim Chmerkoskiy,12,2,2nd Place,,Actor/Actress,60,23.0,7.666666666666667,3,20.0,6.666666666666667,3,21.0,7.0,3,22.0,7.333333333333333,3,23.0,7.666666666666667,3,26.0,8.666666666666666,3,30.0,7.5,4,26.5,8.833333333333334,3,27.0,9.0,3,27.999899999999997,9.3333,3,,,0
Hines Ward,Kym Johnson,12,1,1st Place,,Athlete,35,21.0,7.0,3,23.0,7.666666666666667,3,25.0,8.333333333333334,3,25.0,8.333333333333334,3,27.0,9.0,3,27.0,9.0,3,33.0,8.25,4,27.0,9.0,3,30.0,10.0,3,29.666600000000003,9.888866666666667,3,,,0
Sugar Ray Leonard,Anna Trebunskaya,12,9,Eliminated Week 4,4.0,Athlete,54,17.0,5.666666666666667,3,17.0,5.666666666666667,3,20.0,6.666666666666667,3,21.0,7.0,3,,,0,,,0,,,0,,,0,,,0,,,0,,,0
Chris Jericho,Cheryl Burke,12,7,Eliminated Week 6,6.0,Athlete,40,19.0,6.333333333333333,3,23.0,7.666666666666667,3,21.0,7.0,3,23.0,7.666666666666667,3,26.0,8.666666666666666,3,22.0,7.333333333333333,3,,,0,,,0,,,0,,,0,,,0
Petra Nemcova,Dmitry Chaplin,12,8,Eliminated Week 5,5.0,Model,31,18.0,6.0,3,18.0,6.0,3,25.0,8.333333333333334,3,23.0,7.666666666666667,3,22.0,7.333333333333333,3,,,0,,,0,,,0,,,0,,,0,,,0
Mike Catherwood,Lacey Schwimmer,12,11,Eliminated Week 2,2.0,Radio Personality,32,13.0,4.333333333333333,3,17.0,5.666666666666667,3,,,0,,,0,,,0,,,0,,,0,,,0,,,0,,,0,,,0
Romeo,Chelsie Hightower,12,5,Eliminated Week 8,8.0,Singer/Rapper,21,19.0,6.333333333333333,3,23.0,7.666666666666667,3,20.0,6.666666666666667,3,23.0,7.666666666666667,3,26.0,8.666666666666666,3,28.0,9.333333333333334,3,30.0,7.5,4,26.0,8.666666666666666,3,,,0,,,0,,,0
Wendy Williams,Tony Dovolani,12,10,Eliminated Week 3,3.0,TV Personality,46,14.0,4.666666666666667,3,17.0,5.666666666666667,3,15.0,5.0,3,,,0,,,0,,,0,,,0,,,0,,,0,,,0,,,0
Kendra Wilkinson,Louis van Amstel,12,6,Eliminated Week 7,7.0,TV Personality,25,18.0,6.0,3,19.0,6.333333333333333,3,23.0,7.666666666666667,3,18.0,6.0,3,22.0,7.333333333333333,3,25.0,8.333333333333334,3,30.5,7.625,4,,,0,,,0,,,0,,,0
Elisabetta Canalis,Valentin Chmerkovskiy,13,11,Eliminated Week 2,2.0,Actor/Actress,33,15.0,5.0,3,21.0,7.0,3,,,0,,,0,,,0,,,0,,,0,,,0,,,0,,,0,,,0
David Arquette,Kym Johnson,13,6,Eliminated Week 7,7.0,Actor/Actress,40,18.0,6.0,3,18.0,6.0,3,24.0,8.0,3,23.0,7.666666666666667,3,25.0,8.333333333333334,3,23.0,7.666666666666667,3,23.5,7.833333333333333,3,,,0,,,0,,,0,,,0
Ricki Lake,Derek Hough,13,3,3rd Place,,Actor/Actress,42,20.0,6.666666666666667,3,23.0,7.666666666666667,3,27.0,9.0,3,29.0,9.666666666666666,3,24.0,8.0,3,29.0,9.666666666666666,3,26.5,8.833333333333334,3,26.0,8.666666666666666,3,33.4999,11.166633333333332,3,27.999899999999997,9.3333,3,,,0
J.R. Martinez,Karina Smirnoff,13,1,1st Place,,Actor/Actress,28,22.0,7.333333333333333,3,22.0,7.333333333333333,3,26.0,8.666666666666666,3,26.0,8.666666666666666,3,28.0,9.333333333333334,3,29.0,9.666666666666666,3,24.0,8.0,3,30.0,10.0,3,28.0,9.333333333333334,3,28.1665,9.388833333333332,3,,,0
Metta World Peace (Ron),Peta Murgatroyd,13,12,Eliminated Week 1,1.0,Athlete,31,14.0,4.666666666666667,3,,,0,,,0,,,0,,,0,,,0,,,0,,,0,,,0,,,0,,,0
Hope Solo,Maksim Chmerkoskiy,13,4,Eliminated Week 9,9.0,Athlete,30,21.0,7.0,3,19.0,6.333333333333333,3,24.0,8.0,3,24.0,8.0,3,24.0,8.0,3,20.0,6.666666666666667,3,25.0,8.333333333333334,3,26.0,8.666666666666666,3,24.4998,8.1666,3,,,0,,,0
Chynna Phillips,Tony Dovolani,13,9,Eliminated Week 4,4.0,Singer/Rapper,43,22.0,7.333333333333333,3,21.0,7.0,3,26.0,8.666666666666666,3,21.0,7.0,3,,,0,,,0,,,0,,,0,,,0,,,0,,,0
Kristin Cavallari,Mark Ballas,13,10,Eliminated Week 3,3.0,TV Personality,24,19.0,6.333333333333333,3,22.0,7.333333333333333,3,24.0,8.0,3,,,0,,,0,,,0,,,0,,,0,,,0,,,0,,,0
Carson Kressley,Anna Trebunskaya,13,8,Eliminated Week 5,5.0,TV Personality,41,17.0,5.666666666666667,3,18.0,6.0,3,23.0,7.666666666666667,3,20.0,6.666666666666667,3,19.0,6.333333333333333,3,,,0,,,0,,,0,,,0,,,0,,,0
Chaz Bono,Lacey Schwimmer,13,7,Eliminated Week 6,6.0,TV Personality,42,17.0,5.666666666666667,3,17.0,5.666666666666667,3,18.0,6.0,3,21.0,7.0,3,21.0,7.0,3,19.0,6.333333333333333,3,,,0,,,0,,,0,,,0,,,0
Nancy Grace,Tristan MacManus,13,5,Eliminated Week 8,8.0,TV Personality,51,16.0,5.333333333333333,3,21.0,7.0,3,21.0,7.0,3,21.0,7.0,3,22.0,7.333333333333333,3,24.0,8.0,3,22.0,7.333333333333333,3,22.0,7.333333333333333,3,,,0,,,0,,,0
Rob Kardashian,Cheryl Burke,13,2,2nd Place,,TV Personality,24,16.0,5.333333333333333,3,21.0,7.0,3,24.0,8.0,3,24.0,8.0,3,25.0,8.333333333333334,3,22.0,7.333333333333333,3,25.5,8.5,3,25.5,8.5,3,32.4998,10.833266666666667,3,28.333199999999998,9.4444,3,,,0
William Levy,Cheryl Burke,14,3,3rd Place,,Actor/Actress,31,24.0,8.0,3,25.0,8.333333333333334,3,28.0,9.333333333333334,3,22.0,7.333333333333333,3,29.0,9.666666666666666,3,36.0,12.0,3,26.5,8.833333333333334,3,28.5,9.5,3,29.0,9.666666666666666,3,29.666600000000003,9.888866666666667,3,,,0
Jack Wagner,Anna Trebunskaya,14,11,Eliminated Week 3,3.0,Actor/Actress,52,23.0,7.666666666666667,3,21.0,7.0,3,24.0,8.0,3,,,0,,,0,,,0,,,0,,,0,,,0,,,0,,,0
Sherri Sheperd,Valentin Chmerkovskiy,14,10,Eliminated Week 4,4.0,Actor/Actress,44,23.0,7.666666666666667,3,23.0,7.666666666666667,3,24.0,8.0,3,21.0,7.0,3,,,0,,,0,,,0,,,0,,,0,,,0,,,0
Jaleel White,Kym Johnson,14,7,Eliminated Week 7,7.0,Actor/Actress,35,26.0,8.666666666666666,3,22.0,7.333333333333333,3,25.0,8.333333333333334,3,22.0,7.333333333333333,3,24.0,8.0,3,36.9998,12.333266666666667,3,25.5,8.5,3,,,0,,,0,,,0,,,0
Roshon Fegan,Chelsie Hightower,14,6,Eliminated Week 8,8.0,Actor/Actress,20,23.0,7.666666666666667,3,26.0,8.666666666666666,3,25.0,8.333333333333334,3,26.0,8.666666666666666,3,26.0,8.666666666666666,3,27.9998,9.333266666666667,3,26.0,8.666666666666666,3,28.0,9.333333333333334,3,,,0,,,0,,,0
Melissa Gilbert,Maksim Chmerkoskiy,14,5,Eliminated Week 8,8.0,Actor/Actress,47,20.0,6.666666666666667,3,20.0,6.666666666666667,3,24.0,8.0,3,22.0,7.333333333333333,3,21.0,7.0,3,30.0,10.0,3,23.5,7.833333333333333,3,25.5,8.5,3,,,0,,,0,,,0
Martina Navratilova,Tony Dovolani,14,12,Eliminated Week 2,2.0,Athlete,55,20.0,6.666666666666667,3,17.0,5.666666666666667,3,,,0,,,0,,,0,,,0,,,0,,,0,,,0,,,0,,,0
Donald Driver,Peta Murgatroyd,14,1,1st Place,,Athlete,37,21.0,7.0,3,24.0,8.0,3,26.0,8.666666666666666,3,27.0,9.0,3,27.0,9.0,3,33.9999,11.3333,3,26.5,8.833333333333334,3,27.5,9.166666666666666,3,28.5,9.5,3,29.666600000000003,9.888866666666667,3,,,0
Gavin DeGraw,Karina Smirnoff,14,9,Eliminated Week 5,5.0,Singer/Rapper,35,20.0,6.666666666666667,3,21.0,7.0,3,24.0,8.0,3,23.0,7.666666666666667,3,19.0,6.333333333333333,3,,,0,,,0,,,0,,,0,,,0,,,0
Gladys Knight,Tristan MacManus,14,8,Eliminated Week 6,6.0,Singer/Rapper,67,23.0,7.666666666666667,3,19.0,6.333333333333333,3,24.0,8.0,3,20.0,6.666666666666667,3,22.0,7.333333333333333,3,24.0,8.0,3,,,0,,,0,,,0,,,0,,,0
Katherine Jenkins,Mark Ballas,14,2,2nd Place,,Singer/Rapper,31,26.0,8.666666666666666,3,26.0,8.666666666666666,3,29.0,9.666666666666666,3,24.0,8.0,3,29.0,9.666666666666666,3,38.9999,12.999966666666666,3,27.0,9.0,3,27.5,9.166666666666666,3,28.0,9.333333333333334,3,30.0,10.0,3,,,0
Maria Menounos,Derek Hough,14,4,Eliminated Week 9,9.0,TV Personality,33,21.0,7.0,3,25.0,8.333333333333334,3,27.0,9.0,3,26.0,8.666666666666666,3,27.0,9.0,3,29.999899999999997,9.999966666666666,3,28.5,9.5,3,26.5,8.833333333333334,3,29.5,9.833333333333334,3,,,0,,,0
Gilles Marini,Peta Murgatroyd,15,6,Eliminated Week 8,8.0,Actor/Actress,36,24.0,8.0,3,25.5,8.5,3,25.5,8.5,3,39.5,9.875,4,28.25,9.416666666666666,3,27.5,9.166666666666666,3,33.4998,11.1666,3,29.2777,9.759233333333333,3,,,0,,,0,,,0
Sabrina Bryan,Louis van Amstel,15,8,Eliminated Week 6,6.0,Actor/Actress,28,22.5,7.5,3,26.0,8.666666666666666,3,25.5,8.5,3,35.5,8.875,4,29.25,9.75,3,30.0,10.0,3,,,0,,,0,,,0,,,0,,,0
Kirstie Alley,Maksim Chmerkoskiy,15,7,Eliminated Week 8,8.0,Actor/Actress,61,19.0,6.333333333333333,3,21.0,7.0,3,24.0,8.0,3,30.0,7.5,4,26.25,8.75,3,27.5,9.166666666666666,3,27.999899999999997,9.3333,3,25.5,8.5,3,,,0,,,0,,,0
Kelly Monaco,Valentin Chmerkovskiy,15,3,3rd Place,,Actor/Actress,36,21.5,7.166666666666667,3,22.0,7.333333333333333,3,27.0,9.0,3,37.5,9.375,4,25.75,8.583333333333334,3,27.0,9.0,3,36.0,12.0,3,28.3333,9.444433333333334,3,27.110999999999997,9.036999999999999,3,29.1109,9.703633333333334,3,,,0
Apolo Anton Ohno,Karina Smirnoff,15,5,Eliminated Week 9,9.0,Athlete,30,22.0,7.333333333333333,3,24.5,8.166666666666666,3,25.5,8.5,3,34.5,8.625,4,28.25,9.416666666666666,3,30.0,10.0,3,33.0,11.0,3,29.2777,9.759233333333333,3,28.611,9.537,3,,,0,,,0
Emmitt Smith,Cheryl Burke,15,4,Eliminated Week 9,9.0,Athlete,43,24.5,8.166666666666666,3,22.5,7.5,3,25.0,8.333333333333334,3,36.0,9.0,4,28.0,9.333333333333334,3,26.5,8.833333333333334,3,34.4999,11.499966666666666,3,29.0554,9.685133333333333,3,27.0,9.0,3,,,0,,,0
Shawn Johnson,Derek Hough,15,2,2nd Place,,Athlete,20,22.0,7.333333333333333,3,25.0,8.333333333333334,3,26.5,8.833333333333334,3,39.5,9.875,4,28.25,9.416666666666666,3,28.0,9.333333333333334,3,37.9998,12.6666,3,27.8333,9.277766666666666,3,29.5,9.833333333333334,3,28.944300000000002,9.648100000000001,3,,,0
Pamela Anderson,Tristan MacManus,15,13,Eliminated Week 1,1.0,Model,45,17.0,5.666666666666667,3,,,0,,,0,,,0,,,0,,,0,,,0,,,0,,,0,,,0,,,0
Helio Castroneves,Chelsie Hightower,15,10,Eliminated Week 3,3.0,Racing Driver,37,21.5,7.166666666666667,3,23.0,7.666666666666667,3,25.5,8.5,3,,,0,,,0,,,0,,,0,,,0,,,0,,,0,,,0
Joey Fatone,Kym Johnson,15,12,Eliminated Week 2,2.0,Singer/Rapper,35,20.5,6.833333333333333,3,22.5,7.5,3,,,0,,,0,,,0,,,0,,,0,,,0,,,0,,,0,,,0
Drew Lachey,Anna Trebunskaya,15,11,Eliminated Week 3,3.0,Singer/Rapper,36,21.5,7.166666666666667,3,22.5,7.5,3,24.0,8.0,3,,,0,,,0,,,0,,,0,,,0,,,0,,,0,,,0
Bristol Palin,Mark Ballas,15,9,Eliminated Week 4,4.0,TV Personality,21,19.5,6.5,3,18.0,6.0,3,22.5,7.5,3,32.0,8.0,4,,,0,,,0,,,0,,,0,,,0,,,0,,,0
Melissa Rycroft,Tony Dovolani,15,1,1st Place,,TV Personality,29,21.0,7.0,3,23.5,7.833333333333333,3,27.0,9.0,3,37.0,9.25,4,28.25,9.416666666666666,3,29.5,9.833333333333334,3,38.9999,12.999966666666666,3,30.0,10.0,3,28.7777,9.592566666666666,3,29.333099999999998,9.7777,3,,,0
Ingo Rademacher,Kym Johnson,16,5,Eliminated Week 9,9.0,Actor/Actress,41,20.0,6.666666666666667,3,20.0,6.666666666666667,3,21.0,7.0,3,23.0,7.666666666666667,3,21.0,7.0,3,23.0,7.666666666666667,3,25.0,8.333333333333334,3,24.0,8.0,3,25.5,8.5,3,,,0,,,0
Zendaya,Valentin Chmerkovskiy,16,2,2nd Place,,Actor/Actress,16,24.0,8.0,3,26.0,8.666666666666666,3,25.9998,8.6666,3,26.0,8.666666666666666,3,29.0,9.666666666666666,3,25.5,8.5,3,30.0,10.0,3,29.0,9.666666666666666,3,27.5,9.166666666666666,3,30.0,10.0,3,,,0
Dorothy Hamill,Tristan MacManus,16,12,Withdrew,-1.0,Athlete,56,21.0,7.0,3,15.0,5.0,3,,,0,,,0,,,0,,,0,,,0,,,0,,,0,,,0,,,0
Victor Ortiz,Lindsay Arnold,16,8,Eliminated Week 6,6.0,Athlete,26,18.0,6.0,3,18.0,6.0,3,23.0,7.666666666666667,3,18.0,6.0,3,21.0,7.0,3,20.0,6.666666666666667,3,,,0,,,0,,,0,,,0,,,0
Alexandra Raisman,Mark Ballas,16,4,Eliminated Week 10,10.0,Athlete,18,21.0,7.0,3,24.0,8.0,3,23.0,7.666666666666667,3,27.0,9.0,3,25.0,8.333333333333334,3,26.0,8.666666666666666,3,32.0,10.666666666666666,3,28.0,9.333333333333334,3,29.5,9.833333333333334,3,29.0,9.666666666666666,3,,,0
Jacoby Jones,Karina Smirnoff,16,3,3rd Place,,Athlete,28,20.0,6.666666666666667,3,23.0,7.666666666666667,3,25.9998,8.6666,3,24.0,8.0,3,26.0,8.666666666666666,3,22.5,7.5,3,27.0,9.0,3,26.0,8.666666666666666,3,29.5,9.833333333333334,3,27.999899999999997,9.3333,3,,,0
D. L. Hughley,Cheryl Burke,16,9,Eliminated Week 5,5.0,Comedian,50,12.0,4.0,3,16.0,5.333333333333333,3,16.0,5.333333333333333,3,21.0,7.0,3,18.0,6.0,3,,,0,,,0,,,0,,,0,,,0,,,0
Andy Dick,Sharna Burgess,16,7,Eliminated Week 7,7.0,Comedian,47,17.0,5.666666666666667,3,20.0,6.666666666666667,3,18.0,6.0,3,21.0,7.0,3,18.0,6.0,3,21.5,7.166666666666667,3,17.0,5.666666666666667,3,,,0,,,0,,,0,,,0
Wynonna Judd,Tony Dovolani,16,11,Eliminated Week 3,3.0,Singer/Rapper,48,18.0,6.0,3,18.0,6.0,3,15.0,5.0,3,,,0,,,0,,,0,,,0,,,0,,,0,,,0,,,0
Kellie Pickler,Derek Hough,16,1,1st Place,,Singer/Rapper,26,21.0,7.0,3,26.0,8.666666666666666,3,25.0,8.333333333333334,3,26.0,8.666666666666666,3,27.0,9.0,3,27.0,9.0,3,29.0,9.666666666666666,3,27.5,9.166666666666666,3,29.0,9.666666666666666,3,30.0,10.0,3,,,0
Lisa Vanderpump,Gleb Savchenko,16,10,Eliminated Week 4,4.0,TV Personality,52,18.0,6.0,3,18.0,6.0,3,21.0,7.0,3,18.0,6.0,3,,,0,,,0,,,0,,,0,,,0,,,0,,,0
Sean Lowe,Peta Murgatroyd,16,6,Eliminated Week 8,8.0,TV Personality,29,19.0,6.333333333333333,3,20.0,6.666666666666667,3,21.0,7.0,3,20.0,6.666666666666667,3,24.0,8.0,3,23.0,7.666666666666667,3,24.0,8.0,3,21.0,7.0,3,,,0,,,0,,,0
Valerie Harper,Tristan MacManus,17,10,Eliminated Week 4,4.0,Actor/Actress,74,21.0,7.0,3,19.0,6.333333333333333,3,16.0,5.333333333333333,3,18.0,6.0,3,,,0,,,0,,,0,,,0,,,0,,,0,,,0
Brant Daugherty,Peta Murgatroyd,17,7,Eliminated Week 8,8.0,Actor/Actress,28,22.0,7.333333333333333,3,23.0,7.666666666666667,3,27.0,9.0,3,21.0,7.0,3,27.0,9.0,3,31.0,10.333333333333334,3,28.5,9.5,3,27.0,9.0,3,,,0,,,0,,,0
Elizabeth Berkley Lauren,Valentin Chmerkovskiy,17,6,Eliminated Week 9,9.0,Actor/Actress,39,24.0,8.0,3,25.0,8.333333333333334,3,25.0,8.333333333333334,3,27.0,9.0,3,26.0,8.666666666666666,3,31.9998,10.6666,3,27.0,9.0,3,25.0,8.333333333333334,3,28.0,9.333333333333334,3,,,0,,,0
Leah Remini,Tony Dovolani,17,5,Eliminated Week 10,10.0,Actor/Actress,43,21.0,7.0,3,24.0,8.0,3,24.0,8.0,3,24.0,8.0,3,22.0,7.333333333333333,3,27.999899999999997,9.3333,3,26.5,8.833333333333334,3,28.0,9.333333333333334,3,27.0,9.0,3,32.5,8.125,4,,,0
Corbin Bleu,Karina Smirnoff,17,2,2nd Place,,Actor/Actress,24,24.0,8.0,3,26.0,8.666666666666666,3,26.0,8.666666666666666,3,27.0,9.0,3,28.0,9.333333333333334,3,26.999899999999997,8.999966666666666,3,29.5,9.833333333333334,3,30.0,10.0,3,29.0,9.666666666666666,3,37.5,9.375,4,29.6664,9.8888,3
Amber Riley,Derek Hough,17,1,1st Place,,Actor/Actress,27,27.0,9.0,3,24.0,8.0,3,24.0,8.0,3,27.0,9.0,3,26.0,8.666666666666666,3,31.999899999999997,10.666633333333332,3,29.5,9.833333333333334,3,28.0,9.333333333333334,3,25.5,8.5,3,39.5,9.875,4,31.333199999999998,10.4444,3
Keyshawn Johnson,Sharna Burgess,17,12,Eliminated Week 2,2.0,Athlete,41,17.0,5.666666666666667,3,18.0,6.0,3,,,0,,,0,,,0,,,0,,,0,,,0,,,0,,,0,,,0
Bill Engvall,Emma Slater,17,4,Eliminated Week 11,11.0,Comedian,56,18.0,6.0,3,21.0,7.0,3,24.0,8.0,3,21.0,7.0,3,24.0,8.0,3,23.9999,7.9999666666666664,3,25.0,8.333333333333334,3,24.0,8.0,3,21.0,7.0,3,30.0,7.5,4,25.499899999999997,8.499966666666666,3
Christina Milian,Mark Ballas,17,9,Eliminated Week 5,5.0,Singer/Rapper,31,22.0,7.333333333333333,3,25.0,8.333333333333334,3,26.0,8.666666666666666,3,24.0,8.0,3,28.0,9.333333333333334,3,,,0,,,0,,,0,,,0,,,0,,,0
"Nicole ""Snooki"" Polizzi",Sasha Farber,17,8,Eliminated Week 7,7.0,TV Personality,25,23.0,7.666666666666667,3,20.0,6.666666666666667,3,25.0,8.333333333333334,3,24.0,8.0,3,27.0,9.0,3,30.0,10.0,3,27.0,9.0,3,,,0,,,0,,,0,,,0
Jack Osbourne,Cheryl Burke,17,3,3rd Place,,TV Personality,27,23.0,7.666666666666667,3,24.0,8.0,3,22.0,7.333333333333333,3,24.0,8.0,3,27.0,9.0,3,26.9998,8.999933333333333,3,28.5,9.5,3,30.0,10.0,3,27.0,9.0,3,35.5,8.875,4,27.999899999999997,9.3333,3
Bill Nye,Tyne Stecklein,17,11,Eliminated Week 3,3.0,TV Personality,57,14.0,4.666666666666667,3,17.0,5.666666666666667,3,16.0,5.333333333333333,3,,,0,,,0,,,0,,,0,,,0,,,0,,,0,,,0
Billy Dee Williams,Emma Slater,18,10,Withdrew,-1.0,Actor/Actress,76,15.0,5.0,3,15.0,5.0,3,,,0,,,0,,,0,,,0,,,0,,,0,,,0,,,0,,,0
Danica McKellar,Valentin Chmerkovskiy,18,6,Eliminated Week 8,8.0,Actor/Actress,39,24.0,8.0,3,24.0,8.0,3,36.0,9.0,4,32.0,8.0,4,39.0,9.75,4,36.0,9.0,4,36.0,9.0,4,38.0,9.5,4,,,0,,,0,,,0
James Maslow,Peta Murgatroyd,18,4,Eliminated Week 10,10.0,Actor/Actress,23,21.0,7.0,3,25.0,8.333333333333334,3,36.0,9.0,4,35.0,8.75,4,40.0,10.0,4,35.0,8.75,4,35.0,8.75,4,36.0,9.0,4,38.0,9.5,4,29.0,9.666666666666666,3,,,0
Candace Cameron Bure,Mark Ballas,18,3,3rd Place,,Actor/Actress,37,25.0,8.333333333333334,3,21.0,7.0,3,32.0,8.0,4,28.0,7.0,4,35.0,8.75,4,32.0,8.0,4,37.0,9.25,4,36.0,9.0,4,36.0,9.0,4,25.9998,8.6666,3,,,0
Sean Avery,Karina Smirnoff,18,11,Eliminated Week 2,2.0,Athlete,33,20.0,6.666666666666667,3,21.0,7.0,3,,,0,,,0,,,0,,,0,,,0,,,0,,,0,,,0,,,0
Diana Nyad,Henry Byalikov,18,12,Eliminated Week 2,2.0,Athlete,64,18.0,6.0,3,,,0,,,0,,,0,,,0,,,0,,,0,,,0,,,0,,,0,,,0
Charlie White,Sharna Burgess,18,5,Eliminated Week 9,9.0,Athlete,26,27.0,9.0,3,25.0,8.333333333333334,3,36.0,9.0,4,33.0,8.25,4,37.0,9.25,4,36.0,9.0,4,35.5,8.875,4,40.0,10.0,4,38.0,9.5,4,,,0,,,0
Amy Purdy,Derek Hough,18,2,2nd Place,,Athlete,34,24.0,8.0,3,24.0,8.0,3,36.0,9.0,4,34.0,8.5,4,37.0,9.25,4,38.0,9.5,4,37.5,9.375,4,40.0,10.0,4,39.0,9.75,4,29.666600000000003,9.888866666666667,3,,,0
Meryl Davis,Maksim Chmerkoskiy,18,1,1st Place,,Athlete,27,24.0,8.0,3,25.0,8.333333333333334,3,39.0,9.75,4,39.0,9.75,4,36.0,9.0,4,40.0,10.0,4,39.0,9.75,4,36.0,9.0,4,40.0,10.0,4,30.0,10.0,3,,,0
Drew Carey,Cheryl Burke,18,8,Eliminated Week 6,6.0,Comedian,55,21.0,7.0,3,21.0,7.0,3,30.0,7.5,4,33.0,8.25,4,28.0,7.0,4,32.0,8.0,4,,,0,,,0,,,0,,,0,,,0
Cody Simpson,Witney Carson,18,9,Eliminated Week 5,5.0,Singer/Rapper,17,22.0,7.333333333333333,3,22.0,7.333333333333333,3,35.0,8.75,4,31.0,7.75,4,34.0,8.5,4,,,0,,,0,,,0,,,0,,,0,,,0
NeNe Leakes,Tony Dovolani,18,7,Eliminated Week 7,7.0,TV Personality,46,21.0,7.0,3,21.0,7.0,3,31.0,7.75,4,32.0,8.0,4,36.0,9.0,4,33.0,8.25,4,33.0,8.25,4,,,0,,,0,,,0,,,0
Antonio Sabato Jr.,Cheryl Burke,19,8,Eliminated Week 7,7.0,Actor/Actress,42,25.0,6.25,4,31.0,7.75,4,29.0,7.25,4,29.0,7.25,4,28.0,7.0,4,28.0,7.0,4,29.5,7.375,4,,,0,,,0,,,0,,,0
Jonathan Bennett,Allison Holker,19,9,Eliminated Week 6,6.0,Actor/Actress,33,30.0,7.5,4,30.0,7.5,4,32.0,8.0,4,24.0,6.0,4,24.0,6.0,4,32.0,8.0,4,,,0,,,0,,,0,,,0,,,0
Lea Thompson,Artem Chigvintsev,19,6,Eliminated Week 9,9.0,Actor/Actress,53,32.0,8.0,4,35.0,8.75,4,31.0,7.75,4,39.0,9.75,4,34.0,8.5,4,32.0,8.0,4,35.0,8.75,4,32.0,8.0,4,35.0,8.75,4,,,0,,,0
Janel Parrish,Valentin Chmerkovskiy,19,3,3rd Place,,Actor/Actress,25,29.0,7.25,4,34.0,8.5,4,40.0,10.0,4,36.0,9.0,4,33.0,8.25,4,33.0,8.25,4,33.5,8.375,4,43.0,10.75,4,38.5,9.625,4,39.0,9.75,4,38.99980000000001,9.749950000000002,4
Alfonso Ribeiro,Witney Carson,19,1,1st Place,,Actor/Actress,42,36.0,9.0,4,32.0,8.0,4,32.0,8.0,4,40.0,10.0,4,34.0,8.5,4,39.0,9.75,4,34.0,8.5,4,41.0,10.25,4,38.5,9.625,4,37.5,9.375,4,40.0,10.0,4
Lolo Jones,Keo Motsepe,19,13,Eliminated Week 1,1.0,Athlete,32,22.0,5.5,4,,,0,,,0,,,0,,,0,,,0,,,0,,,0,,,0,,,0,,,0
Randy Couture,Karina Smirnoff,19,11,Eliminated Week 3,3.0,Athlete,51,31.0,7.75,4,28.0,7.0,4,26.0,6.5,4,,,0,,,0,,,0,,,0,,,0,,,0,,,0,,,0
Tommy Chong,Peta Murgatroyd,19,5,Eliminated Week 10,10.0,Comedian,76,27.0,6.75,4,28.0,7.0,4,34.0,8.5,4,28.0,7.0,4,23.0,5.75,4,28.0,7.0,4,30.0,7.5,4,29.0,7.25,4,28.5,7.125,4,31.0,7.75,4,,,0
Betsey Johnson,Tony Dovolani,19,10,Eliminated Week 4,4.0,Fashion Designer,72,20.0,5.0,4,28.0,7.0,4,29.0,7.25,4,29.0,7.25,4,,,0,,,0,,,0,,,0,,,0,,,0,,,0
Michael Waltrip,Emma Slater,19,7,Eliminated Week 8,8.0,Racing Driver,51,25.0,6.25,4,24.0,6.0,4,28.0,7.0,4,25.0,6.25,4,20.0,5.0,4,30.0,7.5,4,28.0,7.0,4,25.0,6.25,4,,,0,,,0,,,0
Tavis Smiley,Sharna Burgess,19,12,Eliminated Week 2,2.0,Radio Personality,50,29.0,7.25,4,28.0,7.0,4,,,0,,,0,,,0,,,0,,,0,,,0,,,0,,,0,,,0
Bethany Mota,Derek Hough,19,4,Eliminated Week 11,11.0,Social Media Personality,18,32.0,8.0,4,33.0,8.25,4,40.0,10.0,4,33.0,8.25,4,32.0,8.0,4,36.0,9.0,4,37.5,9.375,4,40.0,10.0,4,37.0,9.25,4,38.0,9.5,4,38.0,9.5,4
Sadie Robertson,Mark Ballas,19,2,2nd Place,,TV Personality,17,34.0,8.5,4,31.0,7.75,4,32.0,8.0,4,37.0,9.25,4,36.0,9.0,4,35.0,8.75,4,31.0,7.75,4,38.0,9.5,4,36.5,9.125,4,37.0,9.25,4,39.333200000000005,9.833300000000001,4
Suzanne Somers,Tony Dovolani,20,9,Eliminated Week 5,5.0,Actor/Actress,68,25.0,6.25,4,28.0,7.0,4,25.0,6.25,4,28.0,7.0,4,28.0,7.0,4,,,0,,,0,,,0,,,0,,,0,,,0
Willow Shields,Mark Ballas,20,7,Eliminated Week 7,7.0,Actor/Actress,14,25.0,6.25,4,32.0,8.0,4,32.0,8.0,4,39.0,9.75,4,34.0,8.5,4,36.5,9.125,4,39.0,9.75,4,,,0,,,0,,,0,,,0
Riker Lynch,Allison Holker,20,2,2nd Place,,Actor/Actress,23,31.0,7.75,4,32.0,8.0,4,34.0,8.5,4,34.0,8.5,4,38.0,9.5,4,38.0,9.5,4,37.0,9.25,4,39.0,9.75,4,40.0,10.0,4,40.0,10.0,4,,,0
Rumer Willis,Valentin Chmerkovskiy,20,1,1st Place,,Actor/Actress,26,32.0,8.0,4,32.0,8.0,4,33.0,8.25,4,35.0,8.75,4,39.0,9.75,4,35.5,8.875,4,37.0,9.25,4,40.0,10.0,4,39.0,9.75,4,40.0,10.0,4,,,0
Nastia Liukin,Derek Hough,20,4,Eliminated Week 9,9.0,Athlete,25,30.0,7.5,4,34.0,8.5,4,34.0,8.5,4,36.0,9.0,4,38.0,9.5,4,36.5,9.125,4,41.0,10.25,4,38.0,9.5,4,40.0,10.0,4,,,0,,,0
Michael Sam,Peta Murgatroyd,20,10,Eliminated Week 4,4.0,Athlete,25,26.0,6.5,4,28.0,7.0,4,24.0,6.0,4,30.0,7.5,4,,,0,,,0,,,0,,,0,,,0,,,0,,,0
Robert Herjavec,Kym Johnson,20,6,Eliminated Week 8,8.0,Entrepreneur,52,28.0,7.0,4,28.0,7.0,4,29.0,7.25,4,34.0,8.5,4,24.0,6.0,4,33.5,8.375,4,31.0,7.75,4,31.0,7.75,4,,,0,,,0,,,0
Charlotte McKinney,Keo Motsepe,20,11,Eliminated Week 3,3.0,Model,21,22.0,5.5,4,26.0,6.5,4,22.0,5.5,4,,,0,,,0,,,0,,,0,,,0,,,0,,,0,,,0
Noah Galloway,Sharna Burgess,20,3,3rd Place,,Motivational Speaker,33,26.0,6.5,4,27.0,6.75,4,30.0,7.5,4,32.0,8.0,4,28.0,7.0,4,34.0,8.5,4,38.0,9.5,4,31.5,7.875,4,38.0,9.5,4,36.0,9.0,4,,,0
Redfoo,Emma Slater,20,12,Eliminated Week 2,2.0,Singer/Rapper,39,22.0,5.5,4,31.0,7.75,4,,,0,,,0,,,0,,,0,,,0,,,0,,,0,,,0,,,0
Patti LaBelle,Artem Chigvintsev,20,8,Eliminated Week 6,6.0,Singer/Rapper,70,25.0,6.25,4,28.0,7.0,4,22.0,5.5,4,30.0,7.5,4,27.0,6.75,4,34.0,8.5,4,,,0,,,0,,,0,,,0,,,0
Chris Soules,Witney Carson,20,5,Eliminated Week 8,8.0,TV Personality,33,26.0,6.5,4,21.0,5.25,4,28.0,7.0,4,27.0,6.75,4,27.0,6.75,4,35.0,8.75,4,31.0,7.75,4,32.0,8.0,4,,,0,,,0,,,0
Gary Busey,Anna Trebunskaya,21,10,Eliminated Week 4,4.0,Actor/Actress,71,15.0,5.0,3,16.5,5.5,3,25.0,6.25,4,16.0,5.333333333333333,3,,,0,,,0,,,0,,,0,,,0,,,0,,,0
Alexa PenaVega,Mark Ballas,21,6,Eliminated Week 9,9.0,Actor/Actress,27,22.0,7.333333333333333,3,23.0,7.666666666666667,3,36.0,9.0,4,21.0,7.0,3,40.0,10.0,4,30.0,7.5,4,27.5,9.166666666666666,3,26.9998,8.999933333333333,3,30.0,10.0,3,,,0,,,0
Carlos PenaVega,Witney Carson,21,4,Eliminated Week 11,11.0,Actor/Actress,26,23.0,7.666666666666667,3,22.5,7.5,3,31.0,7.75,4,25.0,8.333333333333334,3,39.0,9.75,4,38.0,9.5,4,28.0,9.333333333333334,3,28.9998,9.6666,3,27.0,9.0,3,31.5,10.5,3,30.0,10.0,3
Victor Espinoza,Karina Smirnoff,21,12,Eliminated Week 2,2.0,Athlete,43,15.0,5.0,3,18.5,6.166666666666667,3,,,0,,,0,,,0,,,0,,,0,,,0,,,0,,,0,,,0
Alek Skarlatos,Lindsay Arnold,21,3,3rd Place,,Military,22,22.0,7.333333333333333,3,22.5,7.5,3,33.0,8.25,4,24.0,8.0,3,29.0,7.25,4,30.0,7.5,4,26.5,8.833333333333334,3,25.0,8.333333333333334,3,25.5,8.5,3,28.5,9.5,3,27.999899999999997,9.3333,3
Chaka Khan,Keo Motsepe,21,13,Eliminated Week 2,2.0,Singer/Rapper,62,13.0,4.333333333333333,3,15.0,5.0,3,,,0,,,0,,,0,,,0,,,0,,,0,,,0,,,0,,,0
Andy Grammer,Allison Holker,21,7,Eliminated Week 8,8.0,Singer/Rapper,31,21.0,7.0,3,22.0,7.333333333333333,3,29.0,7.25,4,23.0,7.666666666666667,3,36.0,9.0,4,40.0,10.0,4,28.0,9.333333333333334,3,23.9998,7.999933333333334,3,,,0,,,0,,,0
Tamar Braxton,Valentin Chmerkovskiy,21,5,Withdrew,-1.0,Singer/Rapper,38,23.0,7.666666666666667,3,24.5,8.166666666666666,3,33.0,8.25,4,27.0,9.0,3,29.0,7.25,4,40.0,10.0,4,27.0,9.0,3,28.0,9.333333333333334,3,24.5,8.166666666666666,3,,,0,,,0
Nick Carter,Sharna Burgess,21,2,2nd Place,,Singer/Rapper,35,24.0,8.0,3,22.5,7.5,3,36.0,9.0,4,27.0,9.0,3,35.0,8.75,4,39.0,9.75,4,27.0,9.0,3,33.0,11.0,3,27.5,9.166666666666666,3,27.0,9.0,3,30.0,10.0,3
Hayes Grier,Emma Slater,21,8,Eliminated Week 7,7.0,Social Media Personality,15,21.0,7.0,3,22.5,7.5,3,30.0,7.5,4,27.0,9.0,3,30.0,7.5,4,32.0,8.0,4,28.0,9.333333333333334,3,,,0,,,0,,,0,,,0
Bindi Irwin,Derek Hough,21,1,1st Place,,TV Personality,17,24.0,8.0,3,24.0,8.0,3,32.0,8.0,4,28.0,9.333333333333334,3,37.0,9.25,4,40.0,10.0,4,29.0,9.666666666666666,3,28.0,9.333333333333334,3,30.0,10.0,3,31.5,10.5,3,30.0,10.0,3
Kim Zolciak-Biermann,Tony Dovolani,21,11,Withdrew,-1.0,TV Personality,37,12.0,4.0,3,18.5,6.166666666666667,3,,,0,,,0,,,0,,,0,,,0,,,0,,,0,,,0,,,0
Paula Deen,Louis van Amstel,21,9,Eliminated Week 6,6.0,TV Personality,68,15.0,5.0,3,18.5,6.166666666666667,3,20.0,5.0,4,18.0,6.0,3,26.0,6.5,4,24.0,6.0,4,,,0,,,0,,,0,,,0,,,0
Mischa Barton,Artem Chigvintsev,22,11,Eliminated Week 3,3.0,Actor/Actress,30,16.0,5.333333333333333,3,15.0,5.0,3,18.0,6.0,3,,,0,,,0,,,0,,,0,,,0,,,0,,,0,,,0
Kim Fields,Sasha Farber,22,8,Eliminated Week 7,7.0,Actor/Actress,46,20.0,6.666666666666667,3,19.0,6.333333333333333,3,22.0,7.333333333333333,3,32.0,8.0,4,28.0,7.0,4,24.0,8.0,3,26.0,8.666666666666666,3,,,0,,,0,,,0,,,0
Jodie Sweetin,Keo Motsepe,22,6,Eliminated Week 8,8.0,Actor/Actress,34,20.0,6.666666666666667,3,21.0,7.0,3,23.0,7.666666666666667,3,27.0,6.75,4,35.0,8.75,4,25.0,8.333333333333334,3,25.5,8.5,3,30.0,10.0,3,,,0,,,0,,,0
Doug Flutie,Karina Smirnoff,22,9,Eliminated Week 6,6.0,Athlete,53,15.0,5.0,3,20.0,6.666666666666667,3,20.0,6.666666666666667,3,24.0,6.0,4,28.0,7.0,4,21.0,7.0,3,,,0,,,0,,,0,,,0,,,0
Von Miller,Witney Carson,22,7,Eliminated Week 7,7.0,Athlete,27,21.0,7.0,3,20.0,6.666666666666667,3,20.0,6.666666666666667,3,32.0,8.0,4,29.0,7.25,4,24.0,8.0,3,26.0,8.666666666666666,3,,,0,,,0,,,0,,,0
Antonio Brown,Sharna Burgess,22,5,Eliminated Week 9,9.0,Athlete,27,21.0,7.0,3,19.0,6.333333333333333,3,20.0,6.666666666666667,3,35.0,8.75,4,26.0,6.5,4,27.0,9.0,3,26.0,8.666666666666666,3,27.0,9.0,3,27.5,9.166666666666666,3,,,0,,,0
Paige VanZant,Mark Ballas,22,2,2nd Place,,Athlete,22,21.0,7.0,3,24.0,8.0,3,23.0,7.666666666666667,3,36.0,9.0,4,31.0,7.75,4,28.0,9.333333333333334,3,27.5,9.166666666666666,3,28.0,9.333333333333334,3,29.5,9.833333333333334,3,29.666600000000003,9.888866666666667,3,,,0
Geraldo Rivera,Edyta Sliwinska,22,12,Eliminated Week 2,2.0,Journalist,72,13.0,4.333333333333333,3,13.0,4.333333333333333,3,,,0,,,0,,,0,,,0,,,0,,,0,,,0,,,0,,,0
Nyle DiMarco,Peta Murgatroyd,22,1,1st Place,,Model,26,23.0,7.666666666666667,3,20.0,6.666666666666667,3,25.0,8.333333333333334,3,34.0,8.5,4,37.0,9.25,4,25.0,8.333333333333334,3,28.0,9.333333333333334,3,29.0,9.666666666666666,3,28.5,9.5,3,28.9998,9.6666,3,,,0
Ginger Zee,Valentin Chmerkovskiy,22,3,3rd Place,,News Anchor,35,23.0,7.666666666666667,3,21.0,7.0,3,21.0,7.0,3,36.0,9.0,4,32.0,8.0,4,24.0,8.0,3,27.5,9.166666666666666,3,30.0,10.0,3,28.0,9.333333333333334,3,28.333199999999998,9.4444,3,,,0
Wanya Morris,Lindsay Arnold,22,4,Eliminated Week 9,9.0,Singer/Rapper,42,23.0,7.666666666666667,3,24.0,8.0,3,24.0,8.0,3,35.0,8.75,4,30.0,7.5,4,29.0,9.666666666666666,3,27.5,9.166666666666666,3,25.0,8.333333333333334,3,30.0,10.0,3,,,0,,,0
Marla Maples,Tony Dovolani,22,10,Eliminated Week 4,4.0,TV Personality,52,21.0,7.0,3,20.0,6.666666666666667,3,21.0,7.0,3,28.0,7.0,4,,,0,,,0,,,0,,,0,,,0,,,0,,,0
Jake T. Austin,Jenna Johnson,23,13,Eliminated Week 2,2.0,Actor/Actress,21,22.0,5.5,4,24.0,6.0,4,,,0,,,0,,,0,,,0,,,0,,,0,,,0,,,0,,,0
Maureen McCormick,Artem Chigvintsev,23,8,Eliminated Week 7,7.0,Actor/Actress,60,22.0,5.5,4,26.0,6.5,4,28.0,7.0,4,24.0,8.0,3,24.0,8.0,3,31.0,7.75,4,33.0,8.25,4,,,0,,,0,,,0,,,0
Marilu Henner,Derek Hough,23,6,Eliminated Week 9,9.0,Actor/Actress,64,27.0,6.75,4,27.0,6.75,4,28.0,7.0,4,21.0,7.0,3,27.0,9.0,3,34.0,8.5,4,32.0,8.0,4,23.0,7.666666666666667,3,36.0,9.0,4,,,0,,,0
Ryan Lochte,Cheryl Burke,23,7,Eliminated Week 8,8.0,Athlete,32,24.0,6.0,4,24.0,6.0,4,25.0,6.25,4,22.0,7.333333333333333,3,24.0,8.0,3,30.0,7.5,4,33.0,8.25,4,26.0,8.666666666666666,3,,,0,,,0,,,0
Calvin Johnson Jr.,Lindsay Arnold,23,3,3rd Place,,Athlete,30,26.0,6.5,4,28.0,7.0,4,32.0,8.0,4,23.0,7.666666666666667,3,24.0,8.0,3,37.0,9.25,4,37.0,9.25,4,30.0,10.0,3,37.0,9.25,4,28.0,9.333333333333334,3,38.3331,9.583275,4
Laurie Hernandez,Valentin Chmerkovskiy,23,1,1st Place,,Athlete,16,31.0,7.75,4,32.0,8.0,4,31.0,7.75,4,30.0,10.0,3,25.0,8.333333333333334,3,37.0,9.25,4,34.5,8.625,4,33.0,11.0,3,40.0,10.0,4,30.0,10.0,3,39.333200000000005,9.833300000000001,4
Amber Rose,Maksim Chmerkoskiy,23,9,Eliminated Week 6,6.0,Model,32,24.0,6.0,4,24.0,6.0,4,25.0,6.25,4,24.0,8.0,3,24.0,8.0,3,28.0,7.0,4,,,0,,,0,,,0,,,0,,,0
Rick Perry,Emma Slater,23,12,Eliminated Week 3,3.0,Politician,66,20.0,5.0,4,22.0,5.5,4,23.0,5.75,4,,,0,,,0,,,0,,,0,,,0,,,0,,,0,,,0
James Hinchcliffe,Sharna Burgess,23,2,2nd Place,,Racing Driver,29,31.0,7.75,4,29.0,7.25,4,29.0,7.25,4,28.0,9.333333333333334,3,29.0,9.666666666666666,3,38.0,9.5,4,37.0,9.25,4,34.9998,11.6666,3,36.0,9.0,4,29.5,9.833333333333334,3,38.9998,9.74995,4
Babyface,Allison Holker,23,11,Eliminated Week 4,4.0,Singer/Rapper,57,26.0,6.5,4,30.0,7.5,4,25.0,6.25,4,18.0,6.0,3,,,0,,,0,,,0,,,0,,,0,,,0,,,0
Vanilla Ice,Witney Carson,23,10,Eliminated Week 4,4.0,Singer/Rapper,48,25.0,6.25,4,26.0,6.5,4,23.0,5.75,4,23.0,7.666666666666667,3,,,0,,,0,,,0,,,0,,,0,,,0,,,0
Jana Kramer,Gleb Savchenko,23,4,Eliminated Week 11,11.0,Singer/Rapper,32,27.0,6.75,4,29.0,7.25,4,26.0,6.5,4,23.0,7.666666666666667,3,26.0,8.666666666666666,3,40.0,10.0,4,34.5,8.625,4,30.0,10.0,3,40.0,10.0,4,29.0,9.666666666666666,3,35.5,8.875,4
Terra Jole,Sasha Farber,23,5,Eliminated Week 10,10.0,TV Personality,36,25.0,6.25,4,31.0,7.75,4,30.0,7.5,4,25.0,8.333333333333334,3,27.0,9.0,3,30.0,7.5,4,34.5,8.625,4,24.0,8.0,3,38.0,9.5,4,30.0,10.0,3,,,0
Charo,Keo Motsepe,24,11,Eliminated Week 3,3.0,Actor/Actress,66,21.0,5.25,4,25.0,6.25,4,24.0,6.0,4,,,0,,,0,,,0,,,0,,,0,,,0,,,0,,,0
Mr. T,Kym Herjavec,24,10,Eliminated Week 4,4.0,Actor/Actress,64,20.0,5.0,4,22.0,5.5,4,24.0,6.0,4,28.0,7.0,4,,,0,,,0,,,0,,,0,,,0,,,0,,,0
Heather Morris,Maksim Chmerkoskiy,24,8,Eliminated Week 6,6.0,Actor/Actress,30,28.0,7.0,4,30.0,7.5,4,33.0,8.25,4,35.0,8.75,4,34.0,8.5,4,37.0,9.25,4,,,0,,,0,,,0,,,0,,,0
Nancy Kerrigan,Artem Chigvintsev,24,7,Eliminated Week 7,7.0,Athlete,47,28.0,7.0,4,28.0,7.0,4,33.0,8.25,4,33.0,8.25,4,36.0,9.0,4,33.5,8.375,4,36.0,9.0,4,,,0,,,0,,,0,,,0
Bonner Bolton,Sharna Burgess,24,5,Eliminated Week 8,8.0,Athlete,29,22.0,5.5,4,28.0,7.0,4,24.0,6.0,4,32.0,8.0,4,30.0,7.5,4,31.5,7.875,4,31.0,7.75,4,29.0,7.25,4,,,0,,,0,,,0
Simone Biles,Sasha Farber,24,4,Eliminated Week 9,9.0,Athlete,20,32.0,8.0,4,29.0,7.25,4,32.0,8.0,4,36.0,9.0,4,38.0,9.5,4,34.5,8.625,4,39.0,9.75,4,36.0,9.0,4,40.0,10.0,4,,,0,,,0
David Ross,Lindsay Arnold,24,2,2nd Place,,Athlete,40,28.0,7.0,4,27.0,6.75,4,31.0,7.75,4,31.0,7.75,4,29.0,7.25,4,31.0,7.75,4,32.0,8.0,4,32.5,8.125,4,35.0,8.75,4,36.3333,9.083325,4,,,0
Rashad Jennings,Emma Slater,24,1,1st Place,,Athlete,32,31.0,7.75,4,32.0,8.0,4,28.0,7.0,4,39.0,9.75,4,32.0,8.0,4,35.0,8.75,4,39.0,9.75,4,37.5,9.375,4,38.5,9.625,4,39.6666,9.91665,4,,,0
Chris Kattan,Witney Carson,24,12,Eliminated Week 2,2.0,Comedian,46,17.0,4.25,4,22.0,5.5,4,,,0,,,0,,,0,,,0,,,0,,,0,,,0,,,0,,,0
Erika Jayne,Gleb Savchenko,24,9,Eliminated Week 5,5.0,Singer/Rapper,45,24.0,6.0,4,28.0,7.0,4,26.0,6.5,4,30.0,7.5,4,32.0,8.0,4,,,0,,,0,,,0,,,0,,,0,,,0
Normani,Valentin Chmerkovskiy,24,3,3rd Place,,Singer/Rapper,20,27.0,6.75,4,32.0,8.0,4,34.0,8.5,4,32.0,8.0,4,39.0,9.75,4,36.0,9.0,4,42.0,10.5,4,39.5,9.875,4,38.0,9.5,4,39.333200000000005,9.833300000000001,4,,,0
Nick Viall,Peta Murgatroyd,24,6,Eliminated Week 7,7.0,TV Personality,36,24.0,6.0,4,25.0,6.25,4,26.0,6.5,4,30.0,7.5,4,34.0,8.5,4,30.5,7.625,4,34.0,8.5,4,,,0,,,0,,,0,,,0
Sasha Pieterse,Gleb Savchenko,25,10,Eliminated Week 5,5.0,Actor/Actress,21,18.0,6.0,3,22.5,7.5,3,19.0,6.333333333333333,3,24.0,8.0,3,24.0,8.0,3,,,0,,,0,,,0,,,0,,,0,,,0
Frankie Muniz,Witney Carson,25,3,3rd Place,,Actor/Actress,31,19.0,6.333333333333333,3,24.0,8.0,3,21.0,7.0,3,24.0,8.0,3,29.0,9.666666666666666,3,31.0,7.75,4,30.0,10.0,3,26.5,8.833333333333334,3,25.5,8.5,3,38.8887,9.722175,4,,,0
Jordan Fisher,Lindsay Arnold,25,1,1st Place,,Actor/Actress,23,22.0,7.333333333333333,3,24.0,8.0,3,25.0,8.333333333333334,3,29.0,9.666666666666666,3,30.0,10.0,3,39.0,9.75,4,27.0,9.0,3,30.0,10.0,3,29.0,9.666666666666666,3,40.0,10.0,4,,,0
Derek Fisher,Sharna Burgess,25,11,Eliminated Week 4,4.0,Athlete,43,18.0,6.0,3,19.0,6.333333333333333,3,21.0,7.0,3,23.0,7.666666666666667,3,,,0,,,0,,,0,,,0,,,0,,,0,,,0
Nikki Bella,Artem Chigvintsev,25,8,Eliminated Week 7,7.0,Athlete,33,20.0,6.666666666666667,3,19.5,6.5,3,21.0,7.0,3,24.0,8.0,3,27.0,9.0,3,36.0,9.0,4,24.0,8.0,3,,,0,,,0,,,0,,,0
Terrell Owens,Cheryl Burke,25,6,Eliminated Week 8,8.0,Athlete,43,15.0,5.0,3,19.5,6.5,3,21.0,7.0,3,24.0,8.0,3,25.0,8.333333333333334,3,37.0,9.25,4,24.5,8.166666666666666,3,25.5,8.5,3,,,0,,,0,,,0
Victoria Arlen,Valentin Chmerkovskiy,25,5,Eliminated Week 9,9.0,Athlete,22,19.0,6.333333333333333,3,22.0,7.333333333333333,3,22.0,7.333333333333333,3,27.0,9.0,3,27.0,9.0,3,31.0,7.75,4,28.5,9.5,3,24.0,8.0,3,28.0,9.333333333333334,3,,,0,,,0
Barbara Corcoran,Keo Motsepe,25,13,Eliminated Week 2,2.0,Entrepreneur,68,14.0,4.666666666666667,3,17.0,5.666666666666667,3,,,0,,,0,,,0,,,0,,,0,,,0,,,0,,,0,,,0
Lindsey Stirling,Mark Ballas,25,2,2nd Place,,Musician,31,22.0,7.333333333333333,3,22.5,7.5,3,27.0,9.0,3,26.0,8.666666666666666,3,28.0,9.333333333333334,3,40.0,10.0,4,25.5,8.5,3,27.0,9.0,3,28.5,9.5,3,40.0,10.0,4,,,0
Debbie Gibson,Alan Bersten,25,12,Eliminated Week 2,2.0,Singer/Rapper,47,17.0,5.666666666666667,3,20.5,6.833333333333333,3,,,0,,,0,,,0,,,0,,,0,,,0,,,0,,,0,,,0
Nick Lachey,Peta Murgatroyd,25,9,Eliminated Week 6,6.0,Singer/Rapper,43,18.0,6.0,3,19.0,6.333333333333333,3,21.0,7.0,3,22.0,7.333333333333333,3,22.0,7.333333333333333,3,26.0,6.5,4,,,0,,,0,,,0,,,0,,,0
Drew Scott,Emma Slater,25,4,Eliminated Week 10,10.0,TV Personality,39,16.0,5.333333333333333,3,20.5,6.833333333333333,3,23.0,7.666666666666667,3,24.0,8.0,3,25.0,8.333333333333334,3,30.0,7.5,4,28.5,9.5,3,23.5,7.833333333333333,3,24.0,8.0,3,37.5,9.375,4,,,0
Vanessa Lachey,Maksim Chmerkoskiy,25,7,Eliminated Week 7,7.0,TV Personality,36,21.0,7.0,3,23.5,7.833333333333333,3,23.0,7.666666666666667,3,24.0,8.0,3,24.0,8.0,3,36.0,9.0,4,27.0,9.0,3,,,0,,,0,,,0,,,0
Jamie Anderson,Artem Chigvintsev,26,10,Eliminated Week 1,1.0,Athlete,27,19.0,6.333333333333333,3,,,0,,,0,,,0,,,0,,,0,,,0,,,0,,,0,,,0,,,0
Johnny Damon,Emma Slater,26,9,Eliminated Week 1,1.0,Athlete,44,18.0,6.0,3,,,0,,,0,,,0,,,0,,,0,,,0,,,0,,,0,,,0,,,0
Kareem Abdul-Jabbar,Lindsay Arnold,26,8,Eliminated Week 2,2.0,Athlete,71,17.0,5.666666666666667,3,29.5,7.375,4,,,0,,,0,,,0,,,0,,,0,,,0,,,0,,,0,,,0
Arike Ogunbowale,Gleb Savchenko,26,7,Eliminated Week 2,2.0,Athlete,21,20.0,6.666666666666667,3,35.0,8.75,4,,,0,,,0,,,0,,,0,,,0,,,0,,,0,,,0,,,0
Jennie Finch Daigle,Keo Motsepe,26,6,Eliminated Week 3,3.0,Athlete,37,21.0,7.0,3,31.5,7.875,4,29.0,7.25,4,,,0,,,0,,,0,,,0,,,0,,,0,,,0,,,0
Chris Mazdzer,Witney Carson,26,5,Eliminated Week 3,3.0,Athlete,29,21.0,7.0,3,33.0,8.25,4,33.0,8.25,4,,,0,,,0,,,0,,,0,,,0,,,0,,,0,,,0
Mirai Nagasu,Alan Bersten,26,4,Eliminated Week 3,3.0,Athlete,25,23.0,7.666666666666667,3,37.0,9.25,4,35.0,8.75,4,,,0,,,0,,,0,,,0,,,0,,,0,,,0,,,0
Tonya Harding,Sasha Farber,26,3,3rd Place,,Athlete,47,23.0,7.666666666666667,3,33.0,8.25,4,35.0,8.75,4,28.0,9.333333333333334,3,,,0,,,0,,,0,,,0,,,0,,,0,,,0
Josh Norman,Sharna Burgess,26,2,2nd Place,,Athlete,30,24.0,8.0,3,31.5,7.875,4,38.0,9.5,4,28.5,9.5,3,,,0,,,0,,,0,,,0,,,0,,,0,,,0
Adam Rippon,Jenna Johnson,26,1,1st Place,,Athlete,28,24.0,8.0,3,37.0,9.25,4,41.0,10.25,4,29.0,9.666666666666666,3,,,0,,,0,,,0,,,0,,,0,,,0,,,0
Juan Pablo Di Pace,Cheryl Burke,27,5,Eliminated Week 8,8.0,Actor/Actress,39,22.0,7.333333333333333,3,26.0,8.666666666666666,3,30.0,10.0,3,24.0,8.0,3,29.0,9.666666666666666,3,30.0,10.0,3,28.0,9.333333333333334,3,30.0,10.0,3,,,0,,,0,,,0
Evanna Lynch,Keo Motsepe,27,3,3rd Place,,Actor/Actress,27,18.0,6.0,3,24.0,8.0,3,27.0,9.0,3,24.0,8.0,3,24.0,8.0,3,29.0,9.666666666666666,3,29.5,9.833333333333334,3,29.0,9.666666666666666,3,30.0,10.0,3,,,0,,,0
Nancy McKeon,Valentin Chmerkovskiy,27,11,Eliminated Week 3,3.0,Actor/Actress,52,19.5,6.5,3,20.5,6.833333333333333,3,22.0,7.333333333333333,3,,,0,,,0,,,0,,,0,,,0,,,0,,,0,,,0
John Schneider,Emma Slater,27,8,Eliminated Week 7,7.0,Actor/Actress,58,18.0,6.0,3,21.5,7.166666666666667,3,21.0,7.0,3,21.0,7.0,3,24.0,8.0,3,19.0,6.333333333333333,3,27.0,9.0,3,,,0,,,0,,,0,,,0
Milo Manheim,Witney Carson,27,2,2nd Place,,Actor/Actress,17,20.0,6.666666666666667,3,26.0,8.666666666666666,3,27.0,9.0,3,29.0,9.666666666666666,3,27.0,9.0,3,30.0,10.0,3,29.0,9.666666666666666,3,27.5,9.166666666666666,3,30.0,10.0,3,,,0,,,0
Danelle Umstead,Artem Chigvintsev,27,12,Eliminated Week 2,2.0,Athlete,46,18.0,6.0,3,18.5,6.166666666666667,3,,,0,,,0,,,0,,,0,,,0,,,0,,,0,,,0,,,0
Mary Lou Retton,Sasha Farber,27,9,Eliminated Week 6,6.0,Athlete,50,20.0,6.666666666666667,3,23.0,7.666666666666667,3,24.0,8.0,3,26.0,8.666666666666666,3,25.0,8.333333333333334,3,24.0,8.0,3,,,0,,,0,,,0,,,0,,,0
DeMarcus Ware,Lindsay Arnold,27,7,Eliminated Week 7,7.0,Athlete,36,23.0,7.666666666666667,3,23.5,7.833333333333333,3,26.0,8.666666666666666,3,22.0,7.333333333333333,3,26.0,8.666666666666666,3,26.0,8.666666666666666,3,26.5,8.833333333333334,3,,,0,,,0,,,0,,,0
Nikki Glaser,Gleb Savchenko,27,13,Eliminated Week 1,1.0,Comedian,34,17.5,5.833333333333333,3,,,0,,,0,,,0,,,0,,,0,,,0,,,0,,,0,,,0,,,0
Bobby Bones,Sharna Burgess,27,1,1st Place,,Radio Personality,38,20.0,6.666666666666667,3,19.5,6.5,3,23.0,7.666666666666667,3,20.0,6.666666666666667,3,21.0,7.0,3,22.0,7.333333333333333,3,26.5,8.833333333333334,3,22.5,7.5,3,27.0,9.0,3,,,0,,,0
Tinashe,Brandon Armstrong,27,10,Eliminated Week 4,4.0,Singer/Rapper,25,23.0,7.666666666666667,3,26.0,8.666666666666666,3,27.0,9.0,3,26.0,8.666666666666666,3,,,0,,,0,,,0,,,0,,,0,,,0,,,0
Alexis Ren,Alan Bersten,27,4,4th Place,,Social Media Personality,21,22.0,7.333333333333333,3,24.5,8.166666666666666,3,26.0,8.666666666666666,3,25.0,8.333333333333334,3,29.0,9.666666666666666,3,27.0,9.0,3,27.5,9.166666666666666,3,29.0,9.666666666666666,3,28.5,9.5,3,,,0,,,0
Joe Amabile,Jenna Johnson,27,6,Eliminated Week 8,8.0,TV Personality,32,14.0,4.666666666666667,3,17.5,5.833333333333333,3,18.0,6.0,3,15.0,5.0,3,17.0,5.666666666666667,3,22.0,7.333333333333333,3,23.5,7.833333333333333,3,23.0,7.666666666666667,3,,,0,,,0,,,0
Kate Flannery,Pasha Pashkov,28,7,Eliminated Week 8,8.0,Actor/Actress,55,15.0,5.0,3,21.0,7.0,3,24.0,8.0,3,26.0,6.5,4,24.0,8.0,3,27.0,9.0,3,24.0,8.0,3,25.9998,8.6666,3,,,0,,,0,,,0
James Van Der Beek,Emma Slater,28,5,Eliminated Week 10,10.0,Actor/Actress,42,21.0,7.0,3,20.0,6.666666666666667,3,23.0,7.666666666666667,3,28.0,7.0,4,26.0,8.666666666666666,3,27.0,9.0,3,27.0,9.0,3,31.9998,10.6666,3,36.0,9.0,4,25.5,8.5,3,,,0
Kel Mitchell,Witney Carson,28,2,2nd Place,,Actor/Actress,41,16.0,5.333333333333333,3,20.0,6.666666666666667,3,20.0,6.666666666666667,3,32.0,8.0,4,26.0,8.666666666666666,3,26.0,8.666666666666666,3,25.5,8.5,3,29.9998,9.999933333333333,3,37.0,9.25,4,28.5,9.5,3,29.5,9.833333333333334,3
Ray Lewis,Cheryl Burke,28,11,Withdrew,-1.0,Athlete,44,15.0,5.0,3,15.0,5.0,3,,,0,,,0,,,0,,,0,,,0,,,0,,,0,,,0,,,0
Lamar Odom,Peta Murgatroyd,28,10,Eliminated Week 4,4.0,Athlete,39,11.0,3.6666666666666665,3,12.0,4.0,3,12.0,4.0,3,20.0,5.0,4,,,0,,,0,,,0,,,0,,,0,,,0,,,0
Sailor Brinkley-Cook,Valentin Chmerkovskiy,28,9,Eliminated Week 6,6.0,Model,21,18.0,6.0,3,18.0,6.0,3,23.0,7.666666666666667,3,31.0,7.75,4,24.0,8.0,3,27.0,9.0,3,,,0,,,0,,,0,,,0,,,0
Sean Spicer,Lindsay Arnold,28,6,Eliminated Week 9,9.0,Politician,48,12.0,4.0,3,16.0,5.333333333333333,3,15.0,5.0,3,21.0,5.25,4,19.0,6.333333333333333,3,21.0,7.0,3,21.0,7.0,3,20.0,6.666666666666667,3,25.0,6.25,4,,,0,,,0
Mary Wilson,Brandon Armstrong,28,12,Eliminated Week 2,2.0,Singer/Rapper,75,17.0,5.666666666666667,3,15.0,5.0,3,,,0,,,0,,,0,,,0,,,0,,,0,,,0,,,0,,,0
Lauren Alaina,Gleb Savchenko,28,4,4th Place,,Singer/Rapper,24,19.0,6.333333333333333,3,19.0,6.333333333333333,3,20.0,6.666666666666667,3,32.0,8.0,4,23.0,7.666666666666667,3,26.0,8.666666666666666,3,27.0,9.0,3,24.0,8.0,3,35.0,8.75,4,27.0,9.0,3,28.5,9.5,3
Ally Brooke,Sasha Farber,28,3,3rd Place,,Singer/Rapper,26,16.0,5.333333333333333,3,20.0,6.666666666666667,3,24.0,8.0,3,32.0,8.0,4,27.0,9.0,3,25.0,8.333333333333334,3,27.0,9.0,3,30.0,10.0,3,40.0,10.0,4,29.5,9.833333333333334,3,30.0,10.0,3
Karamo Brown,Jenna Johnson,28,8,Eliminated Week 7,7.0,TV Personality,38,17.0,5.666666666666667,3,19.0,6.333333333333333,3,16.0,5.333333333333333,3,28.0,7.0,4,21.0,7.0,3,25.0,8.333333333333334,3,24.5,8.166666666666666,3,,,0,,,0,,,0,,,0
Hannah Brown,Alan Bersten,28,1,1st Place,,TV Personality,24,20.0,6.666666666666667,3,24.0,8.0,3,21.0,7.0,3,32.0,8.0,4,25.0,8.333333333333334,3,24.0,8.0,3,26.0,8.666666666666666,3,30.9998,10.333266666666667,3,35.5,8.875,4,27.0,9.0,3,29.0,9.666666666666666,3
Anne Heche,Keo Motsepe,29,13,Eliminated Week 4,4.0,Actor/Actress,51,18.0,6.0,3,18.0,6.0,3,15.0,5.0,3,21.0,7.0,3,,,0,,,0,,,0,,,0,,,0,,,0,,,0
Jesse Metcalfe,Sharna Burgess,29,12,Eliminated Week 5,5.0,Actor/Actress,41,18.0,6.0,3,20.0,6.666666666666667,3,20.0,6.666666666666667,3,21.0,7.0,3,19.0,6.333333333333333,3,,,0,,,0,,,0,,,0,,,0,,,0
Chrishell Stause,Gleb Savchenko,29,8,Eliminated Week 8,8.0,Actor/Actress,39,13.0,4.333333333333333,3,18.0,6.0,3,22.0,7.333333333333333,3,22.0,7.333333333333333,3,19.0,6.333333333333333,3,24.0,8.0,3,26.0,8.666666666666666,3,27.0,9.0,3,,,0,,,0,,,0
Skai Jackson,Alan Bersten,29,5,Eliminated Week 10,10.0,Actor/Actress,18,21.0,7.0,3,15.0,5.0,3,18.0,6.0,3,28.0,9.333333333333334,3,24.0,8.0,3,18.0,6.0,3,27.0,9.0,3,26.9998,8.999933333333333,3,28.9998,9.6666,3,28.5,9.5,3,,,0
Justina Machado,Sasha Farber,29,4,4th Place,,Actor/Actress,48,21.0,7.0,3,21.0,7.0,3,19.0,6.333333333333333,3,24.0,8.0,3,24.0,8.0,3,27.0,9.0,3,26.0,8.666666666666666,3,28.9998,9.6666,3,25.9998,8.6666,3,29.0,9.666666666666666,3,30.0,10.0,3
Charles Oakley,Emma Slater,29,15,Eliminated Week 2,2.0,Athlete,56,12.0,4.0,3,15.0,5.0,3,,,0,,,0,,,0,,,0,,,0,,,0,,,0,,,0,,,0
Veron Davis,Peta Murgatroyd,29,11,Eliminated Week 6,6.0,Athlete,36,17.0,5.666666666666667,3,18.0,6.0,3,22.0,7.333333333333333,3,22.0,7.333333333333333,3,21.0,7.0,3,21.0,7.0,3,,,0,,,0,,,0,,,0,,,0
Johnny Weir,Britt Stewart,29,6,Eliminated Week 10,10.0,Athlete,36,18.0,6.0,3,18.0,6.0,3,24.0,8.0,3,24.0,8.0,3,29.0,9.666666666666666,3,22.0,7.333333333333333,3,27.0,9.0,3,30.0,10.0,3,30.0,10.0,3,28.5,9.5,3,,,0
Nev Schulman,Jenna Johnson,29,2,2nd Place,,Producer,35,20.0,6.666666666666667,3,21.0,7.0,3,24.0,8.0,3,24.0,8.0,3,26.0,8.666666666666666,3,26.0,8.666666666666666,3,30.0,10.0,3,30.0,10.0,3,28.9998,9.6666,3,30.0,10.0,3,30.0,10.0,3
AJ McLean,Cheryl Burke,29,7,Eliminated Week 9,9.0,Singer/Rapper,42,18.0,6.0,3,19.0,6.333333333333333,3,21.0,7.0,3,24.0,8.0,3,24.0,8.0,3,27.0,9.0,3,26.0,8.666666666666666,3,27.0,9.0,3,24.9998,8.333266666666667,3,,,0,,,0
Nelly,Daniella Karagach,29,3,3rd Place,,Singer/Rapper,45,16.0,5.333333333333333,3,18.0,6.0,3,18.0,6.0,3,21.0,7.0,3,24.0,8.0,3,24.0,8.0,3,27.0,9.0,3,24.0,8.0,3,24.0,8.0,3,28.0,9.333333333333334,3,28.5,9.5,3
Kaitlyn Bristowe,Artem Chigvintsev,29,1,1st Place,,TV Personality,35,20.0,6.666666666666667,3,22.0,7.333333333333333,3,23.0,7.666666666666667,3,25.0,8.333333333333334,3,27.0,9.0,3,27.0,9.0,3,24.0,8.0,3,28.0,9.333333333333334,3,30.0,10.0,3,30.0,10.0,3,30.0,10.0,3
Carole Baskin,Pasha Pashkov,29,14,Eliminated Week 3,3.0,TV Personality,59,11.0,3.6666666666666665,3,16.0,5.333333333333333,3,12.0,4.0,3,,,0,,,0,,,0,,,0,,,0,,,0,,,0,,,0
Monica Aldama,Valentin Chmerkovskiy,29,10,Eliminated Week 7,7.0,TV Personality,48,19.0,6.333333333333333,3,16.0,5.333333333333333,3,21.0,7.0,3,24.0,8.0,3,26.0,8.666666666666666,3,27.0,9.0,3,22.0,7.333333333333333,3,,,0,,,0,,,0,,,0
Jeannie Mai,Brandon Armstrong,29,9,Withdrew,-1.0,TV Personality,41,18.0,6.0,3,18.0,6.0,3,22.0,7.333333333333333,3,21.0,7.0,3,24.0,8.0,3,25.0,8.333333333333334,3,25.0,8.333333333333334,3,,,0,,,0,,,0,,,0
Martin Kove,Britt Stewart,30,15,Eliminated Week 2,2.0,Actor/Actress,75,13.0,3.25,4,15.0,3.75,4,,,0,,,0,,,0,,,0,,,0,,,0,,,0,,,0,,,0
Brian Austin Green,Sharna Burgess,30,13,Eliminated Week 4,4.0,Actor/Actress,48,24.0,6.0,4,23.0,5.75,4,19.0,6.333333333333333,3,26.0,6.5,4,,,0,,,0,,,0,,,0,,,0,,,0,,,0
Melora Hardin,Artem Chigvintsev,30,6,Eliminated Week 9,9.0,Actor/Actress,54,26.0,6.5,4,27.0,6.75,4,23.0,7.666666666666667,3,36.5,9.125,4,36.0,9.0,4,34.0,8.5,4,38.0,9.5,4,42.0,10.5,4,36.0,9.0,4,,,0,,,0
Matt James,Lindsay Arnold,30,12,Eliminated Week 4,4.0,Athlete,29,24.0,6.0,4,22.0,5.5,4,20.0,6.666666666666667,3,28.5,7.125,4,,,0,,,0,,,0,,,0,,,0,,,0,,,0
"Mike ""The Miz"" Mizanin",Witney Carson,30,9,Eliminated Week 7,7.0,Athlete,40,24.0,6.0,4,26.0,6.5,4,22.0,7.333333333333333,3,32.5,8.125,4,32.0,8.0,4,34.0,8.5,4,32.0,8.0,4,,,0,,,0,,,0,,,0
Suni Lee,Sasha Farber,30,5,Eliminated Week 9,9.0,Athlete,18,28.0,7.0,4,28.0,7.0,4,21.0,7.0,3,34.0,8.5,4,36.0,9.0,4,36.0,9.0,4,34.0,8.5,4,42.0,10.5,4,37.5,9.375,4,,,0,,,0
Iman Shumpert,Daniella Karagach,30,1,1st Place,,Athlete,31,21.0,5.25,4,25.0,6.25,4,19.0,6.333333333333333,3,31.5,7.875,4,28.0,7.0,4,40.0,10.0,4,34.0,8.5,4,35.0,8.75,4,37.5,9.375,4,40.0,10.0,4,,,0
Cody Rigsby,Cheryl Burke,30,3,3rd Place,,Fitness Instructor,34,24.0,6.0,4,24.0,6.0,4,18.0,6.0,3,29.0,7.25,4,32.0,8.0,4,36.0,9.0,4,36.0,9.0,4,38.0,9.5,4,35.5,8.875,4,38.0,9.5,4,,,0
Melanie C,Gleb Savchenko,30,11,Eliminated Week 5,5.0,Singer/Rapper,47,27.0,6.75,4,30.0,7.5,4,22.0,7.333333333333333,3,33.0,8.25,4,36.0,9.0,4,,,0,,,0,,,0,,,0,,,0,,,0
Jimmie Allen,Emma Slater,30,7,Eliminated Week 8,8.0,Singer/Rapper,36,22.0,5.5,4,27.0,6.75,4,20.0,6.666666666666667,3,32.5,8.125,4,34.0,8.5,4,38.0,9.5,4,38.0,9.5,4,32.0,8.0,4,,,0,,,0,,,0
Olivia Jade,Valentin Chmerkovskiy,30,8,Eliminated Week 8,8.0,Social Media Personality,21,25.0,6.25,4,27.0,6.75,4,24.0,8.0,3,35.0,8.75,4,36.0,9.0,4,36.0,9.0,4,42.0,10.5,4,36.0,9.0,4,,,0,,,0,,,0
JoJo Siwa,Jenna Johnson,30,2,2nd Place,,Social Media Personality,18,29.0,7.25,4,31.0,7.75,4,24.0,8.0,3,35.0,8.75,4,40.0,10.0,4,40.0,10.0,4,39.0,9.75,4,41.0,10.25,4,40.0,10.0,4,40.0,10.0,4,,,0
Christine Chiu,Pasha Pashkov,30,14,Eliminated Week 3,3.0,TV Personality,38,25.0,6.25,4,24.0,6.0,4,21.0,7.0,3,,,0,,,0,,,0,,,0,,,0,,,0,,,0,,,0
Kenya Moore,Brandon Armstrong,30,10,Eliminated Week 6,6.0,TV Personality,50,26.0,6.5,4,24.0,6.0,4,21.0,7.0,3,29.5,7.375,4,36.0,9.0,4,32.0,8.0,4,,,0,,,0,,,0,,,0,,,0
Amanda Kloots,Alan Bersten,30,4,4th Place,,TV Personality,39,28.0,7.0,4,32.0,8.0,4,24.0,8.0,3,34.0,8.5,4,39.0,9.75,4,38.0,9.5,4,34.0,8.5,4,42.0,10.5,4,39.5,9.875,4,39.0,9.75,4,,,0
Jason Lewis,Peta Murgatroyd,31,16,Eliminated Week 1,1.0,Actor/Actress,51,18.0,4.5,4,,,0,,,0,,,0,,,0,,,0,,,0,,,0,,,0,,,0,,,0
Cheryl Ladd,Louis van Amstel,31,14,Eliminated Week 3,3.0,Actor/Actress,71,21.0,5.25,4,21.0,5.25,4,24.0,6.0,4,,,0,,,0,,,0,,,0,,,0,,,0,,,0,,,0
Selma Blair,Sasha Farber,31,12,Withdrew,-1.0,Actor/Actress,50,28.0,7.0,4,28.0,7.0,4,28.0,7.0,4,32.0,8.0,4,40.0,10.0,4,,,0,,,0,,,0,,,0,,,0,,,0
Joseph Baena,Daniella Karagach,31,11,Eliminated Week 5,5.0,Actor/Actress,24,23.0,5.75,4,24.0,6.0,4,29.0,7.25,4,28.0,7.0,4,35.0,8.75,4,,,0,,,0,,,0,,,0,,,0,,,0
Trevor Donovan,Emma Slater,31,6,Eliminated Week 9,9.0,Actor/Actress,39,21.0,5.25,4,30.0,7.5,4,27.0,6.75,4,28.0,7.0,4,36.0,9.0,4,34.0,8.5,4,39.0,9.75,4,39.0,9.75,4,32.5,8.125,4,,,0,,,0
Daniel Durant,Britt Stewart,31,5,Eliminated Week 9,9.0,Actor/Actress,32,27.0,6.75,4,29.0,7.25,4,31.0,7.75,4,29.0,7.25,4,33.5,8.375,4,34.0,8.5,4,36.5,9.125,4,39.0,9.75,4,34.5,8.625,4,,,0,,,0
Wayne Brady,Witney Carson,31,3,3rd Place,,Comedian,50,29.0,7.25,4,32.0,8.0,4,33.0,8.25,4,36.0,9.0,4,41.0,10.25,4,34.0,8.5,4,38.0,9.5,4,45.0,11.25,4,36.5,9.125,4,38.0,9.5,4,,,0
Sam Champion,Cheryl Burke,31,13,Eliminated Week 4,4.0,News Anchor,61,20.0,5.0,4,26.0,6.5,4,25.0,6.25,4,25.0,6.25,4,,,0,,,0,,,0,,,0,,,0,,,0,,,0
Jessie James Decker,Alan Bersten,31,10,Eliminated Week 6,6.0,Singer/Rapper,34,20.0,5.0,4,25.0,6.25,4,26.0,6.5,4,31.0,7.75,4,36.0,9.0,4,32.0,8.0,4,,,0,,,0,,,0,,,0,,,0
Jordin Sparks,Brandon Armstrong,31,9,Eliminated Week 7,7.0,Singer/Rapper,32,26.0,6.5,4,27.0,6.75,4,29.0,7.25,4,34.0,8.5,4,35.5,8.875,4,34.0,8.5,4,34.5,8.625,4,,,0,,,0,,,0,,,0
Heidi D'Amelio,Artem Chigvintsev,31,8,Eliminated Week 8,8.0,Social Media Personality,50,24.0,6.0,4,28.0,7.0,4,32.0,8.0,4,34.0,8.5,4,39.0,9.75,4,36.0,9.0,4,35.0,8.75,4,35.0,8.75,4,,,0,,,0,,,0
Charli D'Amelio,Mark Ballas,31,1,1st Place,,Social Media Personality,18,32.0,8.0,4,32.0,8.0,4,33.0,8.25,4,36.0,9.0,4,42.0,10.5,4,40.0,10.0,4,39.0,9.75,4,45.0,11.25,4,40.0,10.0,4,40.0,10.0,4,,,0
Teresa Giudice,Pasha Pashkov,31,15,Eliminated Week 2,2.0,TV Personality,50,20.0,5.0,4,23.0,5.75,4,,,0,,,0,,,0,,,0,,,0,,,0,,,0,,,0,,,0
Vinny Guadagnino,Koko Iwasaki,31,7,Eliminated Week 8,8.0,TV Personality,34,17.0,4.25,4,27.0,6.75,4,23.0,5.75,4,29.0,7.25,4,31.0,7.75,4,28.0,7.0,4,31.5,7.875,4,29.0,7.25,4,,,0,,,0,,,0
Shangela,Gleb Savchenko,31,4,4th Place,,TV Personality,40,28.0,7.0,4,28.0,7.0,4,30.0,7.5,4,32.0,8.0,4,38.5,9.625,4,36.0,9.0,4,36.5,9.125,4,42.0,10.5,4,36.5,9.125,4,38.0,9.5,4,,,0
Gabby Windey,Valentin Chmerkovskiy,31,2,2nd Place,,TV Personality,31,28.0,7.0,4,32.0,8.0,4,33.0,8.25,4,36.0,9.0,4,41.0,10.25,4,37.0,9.25,4,35.5,8.875,4,40.0,10.0,4,40.0,10.0,4,40.0,10.0,4,,,0
Jamie Lynn Spears,Alan Bersten,32,13,Eliminated Week 2,2.0,Actor/Actress,32,15.0,5.0,3,16.0,5.333333333333333,3,,,0,,,0,,,0,,,0,,,0,,,0,,,0,,,0,,,0
Mira Sorvino,Gleb Savchenko,32,10,Eliminated Week 5,5.0,Actor/Actress,55,17.0,5.666666666666667,3,18.0,6.0,3,26.0,6.5,4,21.0,7.0,3,22.0,7.333333333333333,3,,,0,,,0,,,0,,,0,,,0,,,0
Barry Williams,Peta Murgatroyd,32,7,Eliminated Week 8,8.0,Actor/Actress,68,16.0,5.333333333333333,3,15.0,5.0,3,25.0,6.25,4,18.0,6.0,3,24.0,8.0,3,32.0,8.0,4,32.5,8.125,4,35.0,8.75,4,,,0,,,0,,,0
Alyson Hannigan,Sasha Farber,32,5,5th Place,,Actor/Actress,49,13.0,4.333333333333333,3,19.0,6.333333333333333,3,24.0,6.0,4,18.0,6.0,3,21.0,7.0,3,31.0,7.75,4,35.0,8.75,4,36.0,9.0,4,32.0,8.0,4,25.5,8.5,3,26.5,8.833333333333334,3
Xochitl Gomez,Valentin Chmerkovskiy,32,1,1st Place,,Actor/Actress,17,18.0,6.0,3,24.0,8.0,3,32.0,8.0,4,27.0,9.0,3,28.0,9.333333333333334,3,42.0,10.5,4,37.0,9.25,4,40.0,10.0,4,41.0,10.25,4,30.0,10.0,3,30.0,10.0,3
Adrian Peterson,Britt Stewart,32,11,Eliminated Week 4,4.0,Athlete,38,18.0,6.0,3,15.0,5.0,3,22.0,5.5,4,21.0,7.0,3,,,0,,,0,,,0,,,0,,,0,,,0,,,0
Matt Walsh,Koko Iwasaki,32,14,Eliminated Week 1,1.0,Comedian,58,12.0,4.0,3,,,0,,,0,,,0,,,0,,,0,,,0,,,0,,,0,,,0,,,0
Tyson Beckford,Jenna Johnson,32,12,Eliminated Week 3,3.0,Model,52,12.0,4.0,3,18.0,6.0,3,20.0,5.0,4,,,0,,,0,,,0,,,0,,,0,,,0,,,0,,,0
Jason Mraz,Daniella Karagach,32,2,2nd Place,,Singer/Rapper,46,21.0,7.0,3,24.0,8.0,3,34.0,8.5,4,24.0,8.0,3,27.0,9.0,3,39.0,9.75,4,36.0,9.0,4,33.0,8.25,4,43.0,10.75,4,28.5,9.5,3,30.0,10.0,3
Lele Pons,Brandon Armstrong,32,8,Eliminated Week 7,7.0,Social Media Personality,27,19.0,6.333333333333333,3,21.0,7.0,3,27.0,6.75,4,22.0,7.333333333333333,3,24.0,8.0,3,37.0,9.25,4,36.5,9.125,4,,,0,,,0,,,0,,,0
Harry Jowsey,Rylee Arnold,32,6,Eliminated Week 9,9.0,TV Personality,26,12.0,4.0,3,15.0,5.0,3,24.0,6.0,4,21.0,7.0,3,18.0,6.0,3,29.0,7.25,4,32.0,8.0,4,28.0,7.0,4,30.0,7.5,4,,,0,,,0
Mauricio Umansky,Emma Slater,32,9,Eliminated Week 6,6.0,TV Personality,53,15.0,5.0,3,12.0,4.0,3,23.0,5.75,4,19.0,6.333333333333333,3,24.0,8.0,3,33.0,8.25,4,,,0,,,0,,,0,,,0,,,0
Charity Lawson,Artem Chigvintsev,32,4,4th Place,,TV Personality,27,22.0,7.333333333333333,3,21.0,7.0,3,32.0,8.0,4,24.0,8.0,3,28.0,9.333333333333334,3,38.0,9.5,4,36.0,9.0,4,39.0,9.75,4,38.0,9.5,4,29.5,9.833333333333334,3,29.5,9.833333333333334,3
Ariana Madix,Pasha Pashkov,32,3,3rd Place,,TV Personality,38,21.0,7.0,3,20.0,6.666666666666667,3,34.0,8.5,4,25.0,8.333333333333334,3,24.0,8.0,3,41.0,10.25,4,37.0,9.25,4,42.0,10.5,4,37.0,9.25,4,29.0,9.666666666666666,3,29.5,9.833333333333334,3
Tori Spelling,Pasha Pashkov,33,12,Eliminated Week 2,2.0,Actor/Actress,51,17.0,5.666666666666667,3,19.0,6.333333333333333,3,,,0,,,0,,,0,,,0,,,0,,,0,,,0,,,0,,,0
Eric Roberts,Britt Stewart,33,10,Eliminated Week 3,3.0,Actor/Actress,68,15.0,5.0,3,15.0,5.0,3,23.0,5.75,4,,,0,,,0,,,0,,,0,,,0,,,0,,,0,,,0
Reginald VelJohnson,Emma Slater,33,10,Eliminated Week 3,3.0,Actor/Actress,74,16.0,5.333333333333333,3,15.0,5.0,3,21.0,5.25,4,,,0,,,0,,,0,,,0,,,0,,,0,,,0,,,0
Chandler Kinney,Brandon Armstrong,33,3,3rd Place,,Actor/Actress,24,23.0,7.666666666666667,3,24.0,8.0,3,34.5,8.625,4,32.0,8.0,4,27.0,9.0,3,32.0,10.666666666666666,3,30.0,10.0,3,29.0,9.666666666666666,3,30.0,10.0,3,,,0,,,0
Dwight Howard,Daniella Karagach,33,6,Eliminated Week 7,7.0,Athlete,38,22.0,7.333333333333333,3,22.0,7.333333333333333,3,26.0,6.5,4,29.0,7.25,4,24.0,8.0,3,31.0,10.333333333333334,3,24.0,8.0,3,,,0,,,0,,,0,,,0
Danny Amendola,Witney Carson,33,5,5th Place,,Athlete,39,20.0,6.666666666666667,3,21.0,7.0,3,30.0,7.5,4,36.0,9.0,4,25.5,8.5,3,28.0,9.333333333333334,3,25.5,8.5,3,27.0,9.0,3,28.0,9.333333333333334,3,,,0,,,0
Stephen Nedoroscik,Rylee Arnold,33,4,4th Place,,Athlete,26,21.0,7.0,3,22.0,7.333333333333333,3,31.0,7.75,4,33.0,8.25,4,24.0,8.0,3,28.0,9.333333333333334,3,27.0,9.0,3,26.5,8.833333333333334,3,29.5,9.833333333333334,3,,,0,,,0
Ilona Maher,Alan Bersten,33,2,2nd Place,,Athlete,28,18.0,6.0,3,21.0,7.0,3,28.0,7.0,4,32.0,8.0,4,26.0,8.666666666666666,3,24.0,8.0,3,26.0,8.666666666666666,3,28.5,9.5,3,28.5,9.5,3,,,0,,,0
Anna Delvey,Ezra Sosa,33,12,Eliminated Week 2,2.0,Con artist,33,18.0,6.0,3,17.0,5.666666666666667,3,,,0,,,0,,,0,,,0,,,0,,,0,,,0,,,0,,,0
Brooks Nader,Gleb Savchenko,33,9,Eliminated Week 4,4.0,Model,27,18.0,6.0,3,20.0,6.666666666666667,3,30.5,7.625,4,32.0,8.0,4,,,0,,,0,,,0,,,0,,,0,,,0,,,0
Phaedra Parks,Val Chmerkovskiy,33,8,Eliminated Week 5,5.0,TV Personality,51,19.0,6.333333333333333,3,21.0,7.0,3,28.0,7.0,4,32.0,8.0,4,24.0,8.0,3,,,0,,,0,,,0,,,0,,,0,,,0
Jenn Tran,Sasha Farber,33,7,Eliminated Week 6,6.0,TV Personality,26,19.0,6.333333333333333,3,19.0,6.333333333333333,3,31.0,7.75,4,32.0,8.0,4,25.5,8.5,3,31.0,10.333333333333334,3,,,0,,,0,,,0,,,0,,,0
Joey Graziadei,Jenna Johnson,33,1,1st Place,,TV Personality,29,21.0,7.0,3,22.0,7.333333333333333,3,35.0,8.75,4,36.0,9.0,4,26.0,8.666666666666666,3,32.0,10.666666666666666,3,27.5,9.166666666666666,3,29.0,9.666666666666666,3,29.5,9.833333333333334,3,,,0,,,0
Corey Feldman,Jenna Johnson,34,13,Eliminated Week 2,2.0,Actor/Actress,54,9.0,4.5,2,15.0,5.0,3,,,0,,,0,,,0,,,0,,,0,,,0,,,0,,,0,,,0
Danielle Fishel,Pasha Pashkov,34,8,Eliminated Week 8,8.0,Actor/Actress,44,12.0,6.0,2,19.0,6.333333333333333,3,21.0,7.0,3,21.0,7.0,3,29.0,7.25,4,36.0,9.0,4,35.0,8.75,4,37.0,9.25,4,,,0,,,0,,,0
Elaine Hendrix,Alan Bersten (Rashad Jennings week 9),34,5,5th Place,,Actor/Actress,55,12.0,6.0,2,21.0,7.0,3,21.0,7.0,3,24.0,8.0,3,30.0,7.5,4,36.0,9.0,4,32.0,8.0,4,37.5,9.375,4,36.0,9.0,4,28.5,9.5,3,28.9998,9.6666,3
Baron Davis,Britt Stewart,34,13,Eliminated Week 2,2.0,Athlete,46,10.0,5.0,2,18.0,6.0,3,,,0,,,0,,,0,,,0,,,0,,,0,,,0,,,0,,,0
Jordan Chiles,Ezra Sosa (Apolo Anton Ohno week 9),34,3,3rd Place,,Athlete,24,10.0,5.0,2,22.0,7.333333333333333,3,24.0,8.0,3,24.0,8.0,3,32.0,8.0,4,39.0,9.75,4,38.0,9.5,4,39.0,9.75,4,39.0,9.75,4,28.5,9.5,3,29.666600000000003,9.888866666666667,3
Andy Richter,Emma Slater/Kaitlyn Bristowe (week 9),34,7,Eliminated Week 9,9.0,Comedian,59,9.0,4.5,2,16.0,5.333333333333333,3,18.0,6.0,3,18.0,6.0,3,24.0,6.0,4,27.0,6.75,4,29.0,7.25,4,34.0,8.5,4,29.0,7.25,4,,,0,,,0
Robert Irwin,Witney Carson (Xoshitl Gomez week 9),34,1,1st Place,,Conservationist,22,15.0,7.5,2,22.0,7.333333333333333,3,22.0,7.333333333333333,3,22.0,7.333333333333333,3,35.0,8.75,4,36.0,9.0,4,41.0,10.25,4,38.0,9.5,4,42.0,10.5,4,29.5,9.833333333333334,3,29.666600000000003,9.888866666666667,3
Hilaria Baldwin,Gleb Savchenko,34,11,Eliminated Week 4,4.0,Entrepreneur,41,14.0,7.0,2,21.0,7.0,3,22.0,7.333333333333333,3,23.0,7.666666666666667,3,,,0,,,0,,,0,,,0,,,0,,,0,,,0
Lauren Jauregui,Brandon Armstrong,34,12,Eliminated Week 3,3.0,Singer/Rapper,29,13.0,6.5,2,21.0,7.0,3,18.0,6.0,3,,,0,,,0,,,0,,,0,,,0,,,0,,,0,,,0
Scott Hoying,Rylee Arnold,34,10,Eliminated Week 6,6.0,Singer/Rapper,34,10.0,5.0,2,18.0,6.0,3,22.0,7.333333333333333,3,21.0,7.0,3,30.0,7.5,4,28.0,7.0,4,,,0,,,0,,,0,,,0,,,0
Alix Earle,Val Chmerkovskiy (Joey Graziadei week 9),34,2,2nd Place,,Social media personality,24,13.0,6.5,2,21.0,7.0,3,23.0,7.666666666666667,3,24.0,8.0,3,35.0,8.75,4,35.0,8.75,4,43.0,10.75,4,38.5,9.625,4,40.0,10.0,4,29.0,9.666666666666666,3,30.0,10.0,3
Jen Affleck,Jan Ravnik,34,9,Eliminated Week 7,7.0,TV Personality,26,12.0,6.0,2,22.0,7.333333333333333,3,19.0,6.333333333333333,3,23.0,7.666666666666667,3,29.0,7.25,4,32.0,8.0,4,34.0,8.5,4,,,0,,,0,,,0,,,0
Whitney Leavitt,Mark Ballas,34,6,Eliminated Week 10,10.0,TV Personality,32,15.0,7.5,2,22.0,7.333333333333333,3,24.0,8.0,3,25.0,8.333333333333334,3,33.0,8.25,4,39.0,9.75,4,42.0,10.5,4,39.5,9.875,4,42.0,10.5,4,29.0,9.666666666666666,3,,,0
Dylan Efron,Daniella Karagach (Rumer Willis week 9),34,4,4th Place,,TV Personality,33,10.0,5.0,2,20.0,6.666666666666667,3,23.0,7.666666666666667,3,23.0,7.666666666666667,3,36.0,9.0,4,32.0,8.0,4,38.0,9.5,4,38.0,9.5,4,42.0,10.5,4,27.5,9.166666666666666,3,29.3332,9.777733333333334,3
