"performance_id","season","week","week_theme_id","couple_id","professional_id","primary_dance_style_id"
820,10,"4",1,1,1,1
907,10,"4",1,2,2,1
908,10,"4",1,3,3,2
909,10,"4",1,4,4,2
979,11,"4",2,5,2,2
998,10,"4",1,6,5,2
999,10,"4",1,7,6,1
1000,10,"4",1,8,7,1
1001,10,"4",1,9,8,2
1080,11,"4",2,10,1,2
1081,11,"4",2,11,8,3
1082,11,"4",2,12,9,2
1083,11,"4",2,13,10,3
1097,10,"4",1,14,11,2
1167,11,"4",2,15,12,2
1168,11,"4",2,16,5,3
1169,11,"4",2,17,13,2
1256,11,"4",2,18,7,3
0,2,"1",3,19,4,4
1,7,"1",3,20,14,4
2,6,"1",3,21,15,4
3,5,"1",3,22,5,4
4,4,"1",3,23,8,4
5,3,"1",3,24,4,4
6,15,"1",4,25,15,4
7,13,"1",4,26,16,4
8,2,"1",3,27,3,5
9,2,"1",3,28,17,4
10,2,"1",3,29,7,5
11,12,"1",4,30,13,6
12,7,"1",3,31,10,6
13,7,"1",3,32,18,4
14,7,"1",3,33,8,6
15,7,"1",3,34,5,4
16,7,"1",3,35,19,6
17,6,"1",3,36,4,6
18,6,"1",3,37,8,4
19,6,"1",3,38,14,6
20,6,"1",3,39,10,4
21,11,"1",4,18,7,4
22,10,"1",4,9,8,4
23,9,"1",3,40,10,4
24,8,"1",3,41,5,4
25,20,"1",5,42,13,4
26,5,"1",3,43,18,6
27,5,"1",3,44,13,4
28,5,"1",3,45,20,6
29,5,"1",3,46,1,4
30,5,"1",3,47,7,6
31,19,"1",5,48,8,4
32,4,"1",3,49,18,6
33,4,"1",3,50,10,4
34,4,"1",3,51,7,6
35,4,"1",3,25,15,4
36,3,"1",3,52,7,6
37,3,"1",3,53,21,4
38,3,"1",3,54,3,6
39,3,"1",3,55,8,4
40,15,"1",4,56,5,6
41,15,"1",4,57,3,4
42,15,"1",4,58,6,6
43,15,"1",4,59,22,4
44,15,"1",4,60,7,6
45,18,"1",4,61,7,4
46,13,"1",4,62,8,7
47,13,"1",4,63,13,4
48,13,"1",4,64,7,7
49,17,"1",4,65,16,4
50,16,"1",4,66,5,4
51,14,"1",4,67,5,4
52,2,"1",3,68,8,4
53,2,"1",3,69,1,5
54,2,"1",3,70,23,4
55,2,"1",3,71,20,5
56,2,"1",3,72,2,4
57,12,"1",4,73,7,4
58,12,"1",4,74,15,4
59,12,"1",4,75,24,6
60,7,"1",3,76,9,4
61,7,"1",3,77,12,6
62,7,"1",3,78,4,4
63,7,"1",3,79,13,6
64,7,"1",3,80,7,4
65,6,"1",3,81,2,6
66,6,"1",3,82,5,4
67,11,"1",4,5,2,7
68,11,"1",4,12,9,4
69,26,"1",4,83,25,8
70,25,"1",4,84,8,4
71,10,"1",4,85,13,7
72,10,"1",4,1,1,4
73,10,"1",4,7,6,7
74,10,"1",4,3,3,4
75,10,"1",4,2,2,7
76,9,"1",3,86,2,6
77,9,"1",3,87,9,4
78,9,"1",3,88,4,6
79,9,"1",3,89,15,6
80,8,"1",3,90,20,5
81,8,"1",3,91,4,4
82,8,"1",3,92,9,5
83,8,"1",3,93,8,4
84,8,"1",3,94,14,5
85,24,"1",6,95,26,9
86,20,"1",5,96,15,4
87,20,"1",5,97,27,10
88,20,"1",5,98,28,10
89,23,"1",4,99,5,10
90,22,"1",4,100,29,4
91,21,"1",5,101,10,8
92,5,"1",3,102,4,6
93,19,"1",5,103,30,6
94,19,"1",5,104,26,10
95,19,"1",5,105,28,4
96,19,"1",5,106,7,4
97,4,"1",3,107,1,6
98,4,"1",3,108,4,4
99,4,"1",3,109,31,6
100,4,"1",3,110,21,4
101,4,"1",3,111,20,6
102,3,"1",3,112,1,6
103,3,"1",3,39,10,4
104,3,"1",3,113,32,6
105,3,"1",3,114,23,4
106,3,"1",3,115,33,6
107,15,"1",4,116,10,4
108,15,"1",4,117,16,6
109,15,"1",4,17,13,4
110,15,"1",4,118,2,6
111,15,"1",4,119,26,4
112,18,"1",4,120,16,6
113,18,"1",4,121,26,6
114,18,"1",4,122,10,11
115,18,"1",4,123,34,4
116,13,"1",4,124,22,4
117,13,"1",4,125,15,7
118,13,"1",4,126,26,4
119,13,"1",4,127,1,7
120,17,"1",4,128,7,6
121,17,"1",4,129,10,11
122,17,"1",4,130,8,6
123,17,"1",4,131,5,4
124,17,"1",4,132,26,11
125,16,"1",4,133,35,6
126,16,"1",4,134,15,11
127,16,"1",4,135,36,6
128,14,"1",4,136,2,6
129,14,"1",4,137,16,4
130,14,"1",4,138,10,6
131,14,"1",4,139,6,4
132,14,"1",4,140,26,6
133,2,"1",3,141,33,5
134,2,"2",3,27,3,2
135,12,"1",4,142,6,4
136,12,"1",4,143,2,6
137,12,"1",4,144,37,4
138,7,"1",3,145,1,6
139,7,"1",3,146,15,4
140,7,"1",3,76,9,9
141,6,"1",3,147,20,6
142,6,"1",3,148,7,4
143,6,"1",3,149,3,6
144,6,"1",3,150,13,6
145,11,"1",4,11,8,7
146,11,"1",4,151,3,7
147,11,"1",4,10,1,7
148,26,"1",4,152,35,4
149,26,"1",4,153,28,6
150,26,"1",4,154,30,7
151,26,"1",4,155,38,8
152,25,"1",4,156,38,6
153,25,"1",4,157,36,4
154,25,"1",4,158,34,6
155,1,"1",3,159,23,4
156,31,"1",7,160,39,4
157,30,"1",4,161,36,4
158,10,"1",4,162,40,4
159,10,"1",4,6,5,7
160,10,"1",4,4,4,4
161,9,"1",3,163,6,6
162,9,"1",3,164,41,4
163,9,"1",3,165,8,4
164,8,"1",3,166,24,4
165,8,"1",3,167,6,4
166,8,"1",3,168,13,5
167,24,"1",6,169,30,7
168,24,"1",6,83,25,4
169,24,"1",6,170,42,4
170,24,"1",6,171,28,8
171,20,"1",5,172,30,6
172,20,"1",5,83,25,10
173,20,"1",5,173,16,4
174,23,"1",4,174,42,6
175,23,"1",4,175,35,4
176,23,"1",4,176,30,7
177,23,"1",4,177,27,6
178,22,"1",4,178,13,6
179,22,"1",4,179,10,6
180,22,"1",4,180,28,1
181,22,"1",4,181,4,4
182,21,"1",5,182,26,9
183,21,"1",5,183,28,4
184,21,"1",5,184,34,4
185,5,"1",3,185,10,4
186,5,"1",3,186,14,6
187,5,"1",3,187,2,4
188,5,"1",3,188,15,6
189,19,"1",5,189,42,6
190,19,"1",5,190,13,4
191,19,"1",5,191,34,4
192,4,"1",3,192,14,4
193,4,"2",3,192,14,9
194,3,"1",3,193,15,4
195,3,"2",3,112,1,12
196,15,"1",4,194,1,6
197,15,"1",4,55,8,4
198,15,"2",8,60,7,10
199,18,"1",4,195,1,4
200,18,"1",4,196,13,11
201,18,"1",4,197,25,4
202,13,"1",4,198,2,4
203,13,"1",4,199,10,7
204,13,"1",4,200,5,7
205,13,"1",4,201,9,4
206,17,"1",4,202,43,4
207,17,"1",4,203,42,4
208,17,"1",4,204,13,11
209,17,"1",4,205,34,6
210,16,"1",4,206,8,4
211,16,"1",4,207,26,11
212,16,"1",4,208,16,6
213,16,"1",4,209,13,4
214,14,"1",4,210,1,4
215,14,"1",4,211,8,4
216,14,"1",4,212,7,6
217,2,"2",3,68,8,9
218,2,"2",3,69,1,2
219,2,"2",3,19,4,9
220,12,"1",4,213,10,6
221,12,"1",4,214,8,4
222,12,"1",4,215,9,6
223,12,"1",4,194,1,4
224,7,"1",3,145,1,12
225,7,"1",3,33,8,12
226,7,"1",3,34,5,9
227,7,"1",3,77,12,12
228,6,"1",3,216,44,4
229,6,"2",3,81,2,12
230,11,"1",4,17,13,4
231,11,"1",4,15,12,4
232,11,"1",4,217,6,7
233,11,"1",4,13,10,4
234,26,"1",4,218,36,8
235,26,"1",4,219,45,4
236,26,"1",4,220,34,6
237,26,"1",4,221,29,6
238,26,"1",4,222,42,4
239,25,"1",4,223,28,8
240,25,"1",4,224,35,1
241,25,"1",4,225,16,4
242,25,"1",4,226,1,4
243,1,"1",3,227,20,5
244,1,"1",3,228,4,4
245,1,"1",3,229,18,5
246,1,"1",3,230,46,4
247,31,"1",7,231,8,6
248,31,"1",7,232,30,4
249,31,"1",7,233,47,1
250,30,"1",4,234,25,4
251,30,"1",4,235,48,10
252,30,"1",4,236,26,8
253,30,"1",4,237,34,1
254,30,"1",4,238,30,1
255,10,"1",4,8,7,7
256,10,"1",4,14,11,4
257,10,"2",9,85,13,10
262,8,"1",3,239,10,4
263,8,"1",3,125,15,5
264,8,"1",3,240,1,4
265,8,"1",3,60,7,5
266,24,"1",6,225,16,4
267,24,"1",6,241,1,7
268,24,"1",6,242,35,9
269,20,"1",5,243,5,6
270,20,"1",5,244,34,4
271,20,"1",5,245,42,4
272,20,"1",5,246,7,4
273,23,"1",4,247,1,6
274,23,"1",4,248,25,4
275,23,"1",4,249,36,7
276,22,"1",4,250,7,9
277,22,"1",4,251,35,4
278,22,"1",4,252,26,10
279,22,"1",4,253,30,1
280,21,"1",5,254,27,6
281,21,"1",5,255,3,9
282,21,"1",5,256,25,10
283,21,"1",5,257,13,10
284,5,"1",3,258,8,4
285,5,"2",3,46,1,9
286,19,"1",5,259,27,10
287,19,"1",5,260,16,4
288,19,"1",5,261,10,6
289,19,"1",5,262,5,10
290,4,"2",3,109,31,12
291,4,"2",3,110,21,9
292,4,"2",3,51,7,12
293,4,"2",3,23,8,9
294,3,"2",3,114,23,9
295,3,"2",3,54,3,12
296,3,"2",3,39,10,9
297,3,"2",3,113,32,12
298,15,"2",8,17,13,9
299,15,"2",8,58,6,10
300,15,"2",8,116,10,9
301,15,"2",8,57,3,9
302,18,"1",4,68,8,6
303,18,"1",4,263,5,4
304,18,"1",4,264,49,6
305,13,"2",10,127,1,10
306,17,"1",4,265,22,6
307,17,"1",4,266,29,4
308,17,"2",11,132,26,13
309,16,"1",4,267,22,11
310,16,"1",4,268,7,4
311,16,"1",4,269,42,6
312,16,"1",4,270,10,4
313,14,"1",4,271,13,6
314,14,"1",4,272,22,4
315,14,"1",4,273,15,6
316,14,"2",9,139,6,9
317,2,"2",3,141,33,2
318,2,"2",3,72,2,9
319,2,"2",3,29,7,2
320,2,"2",3,70,23,9
321,2,"2",3,71,20,2
322,12,"2",9,143,2,10
323,7,"1",3,32,18,9
324,7,"1",3,146,15,9
325,7,"1",3,35,19,12
326,7,"1",3,20,14,9
327,7,"1",3,31,10,12
328,6,"2",3,37,8,9
329,6,"2",3,147,20,12
330,6,"2",3,21,15,9
331,6,"2",3,149,3,12
332,11,"1",4,16,5,7
333,11,"1",4,125,15,4
334,11,"2",10,11,8,10
335,26,"2",12,222,42,14
336,25,"1",4,274,25,6
337,25,"1",4,275,30,1
338,25,"1",4,276,42,8
339,25,"1",4,277,26,4
340,25,"1",4,278,13,4
341,1,"1",3,279,3,5
342,1,"2",3,227,20,2
343,31,"1",7,280,38,4
344,31,"1",7,281,50,1
345,31,"1",7,282,25,4
346,31,"1",7,283,3,4
347,31,"1",7,284,51,8
348,30,"1",4,285,29,10
349,30,"1",4,286,8,1
350,30,"1",4,287,38,1
351,10,"2",9,4,4,6
352,10,"2",9,2,2,10
353,10,"2",9,3,3,6
354,10,"2",9,7,6,10
359,8,"2",3,166,24,9
360,24,"1",6,288,36,8
361,24,"1",6,289,34,4
362,24,"1",6,290,52,4
363,24,"1",6,291,29,1
364,20,"1",5,292,26,6
365,20,"2",13,83,25,4
366,23,"1",4,293,45,10
367,23,"1",4,294,34,4
368,23,"1",4,295,29,10
369,22,"1",4,296,16,4
370,22,"1",4,297,42,9
371,22,"1",4,298,25,6
372,22,"2",11,180,28,13
373,21,"1",5,299,7,8
374,21,"1",5,300,5,10
375,21,"1",5,301,2,4
376,21,"1",5,302,35,6
377,5,"2",3,188,15,12
378,5,"2",3,258,8,9
379,5,"2",3,45,20,12
380,5,"2",3,187,2,9
381,19,"1",5,303,25,10
382,19,"2",13,261,10,4
383,4,"2",3,49,18,12
384,4,"2",3,50,10,9
385,4,"2",3,111,20,12
386,3,"2",3,193,15,9
387,3,"2",3,115,33,12
388,3,"2",3,24,4,9
389,3,"2",3,52,7,12
390,15,"2",8,194,1,10
391,15,"2",8,55,8,9
392,15,"2",8,118,2,10
393,15,"2",8,25,15,9
394,18,"1",4,304,42,11
395,18,"2",14,68,8,10
396,13,"2",10,63,13,9
397,13,"2",10,125,15,10
398,13,"2",10,126,26,9
399,13,"2",10,62,8,10
400,17,"2",11,204,13,14
401,17,"2",11,205,34,10
402,17,"2",11,130,8,2
403,17,"2",11,203,42,13
404,17,"2",11,266,29,2
405,16,"2",9,134,15,9
406,14,"2",9,140,26,10
407,14,"2",9,210,1,9
408,14,"2",9,136,2,10
409,14,"2",9,272,22,9
410,14,"2",9,271,13,10
411,2,"3",3,72,2,10
412,12,"2",9,144,37,9
413,12,"2",9,30,13,10
414,12,"2",9,214,8,9
415,7,"1",3,80,7,9
416,7,"1",3,79,13,12
418,6,"2",3,82,5,9
419,6,"2",3,36,4,12
420,6,"2",3,148,7,9
421,6,"2",3,38,14,12
422,11,"2",10,15,12,9
423,11,"2",10,10,1,10
424,26,"2",12,153,28,4
425,26,"2",12,152,35,8
426,26,"2",12,83,25,7
427,26,"2",12,221,29,9
428,25,"2",15,156,38,9
429,1,"2",3,159,23,9
430,1,"2",3,279,3,2
431,1,"2",3,230,46,9
432,31,"1",7,305,36,8
433,31,"1",7,306,34,9
434,31,"1",7,307,53,10
435,31,"1",7,308,48,10
436,30,"1",4,309,47,14
437,30,"1",4,310,39,6
438,30,"1",4,311,50,1
439,30,"1",4,312,35,4
440,30,"1",4,313,42,6
441,10,"2",9,162,40,6
442,10,"2",9,6,5,10
443,10,"2",9,1,1,6
444,10,"2",9,14,11,6
445,9,"1",3,314,1,8
446,8,"2",3,125,15,8
447,8,"2",3,240,1,9
448,8,"2",3,90,20,8
449,8,"2",3,167,6,9
450,24,"2",9,169,30,4
451,20,"2",13,246,7,10
452,20,"2",13,96,15,6
453,20,"2",13,98,28,4
454,20,"2",13,173,16,6
455,23,"1",4,315,8,6
456,23,"1",4,316,26,4
457,23,"2",16,176,30,9
458,22,"2",11,250,7,3
459,22,"2",11,181,4,8
460,22,"2",11,317,38,8
461,21,"1",5,318,42,4
462,21,"2",17,318,42,10
463,5,"2",3,186,14,12
464,5,"2",3,22,5,9
465,5,"2",3,102,4,12
466,5,"2",3,185,10,9
467,19,"2",13,104,26,6
468,19,"2",13,103,30,10
469,19,"2",13,191,34,13
470,4,"2",3,108,4,9
471,4,"2",3,107,1,12
472,4,"2",3,25,15,9
473,4,"3",3,109,31,10
474,3,"2",3,55,8,9
475,3,"3",3,55,8,1
476,15,"2",8,56,5,10
477,15,"2",8,119,26,9
478,15,"2",8,117,16,10
479,18,"2",14,121,26,13
480,18,"2",14,123,34,1
481,18,"2",14,195,1,15
483,13,"2",10,198,2,9
484,13,"2",10,200,5,10
485,13,"2",10,201,9,9
486,17,"2",11,128,7,13
487,17,"2",11,202,43,14
488,17,"2",11,129,10,10
489,17,"2",11,265,22,14
490,17,"2",11,65,16,2
491,16,"2",9,267,22,10
492,16,"2",9,270,10,16
493,16,"2",9,133,35,10
494,16,"2",9,268,7,9
495,14,"2",9,273,15,10
496,14,"2",9,67,5,9
497,14,"2",9,212,7,10
498,14,"2",9,137,16,9
499,2,"3",3,71,20,1
500,2,"3",3,68,8,10
501,2,"3",3,19,4,1
502,2,"3",3,27,3,10
503,12,"2",9,75,24,10
504,12,"2",9,194,1,9
505,12,"2",9,215,9,10
506,7,"2",3,32,18,2
507,6,"2",3,216,44,9
508,6,"2",3,150,13,12
509,6,"2",3,39,10,9
510,6,"3",3,216,44,10
511,11,"2",10,217,6,10
512,11,"2",10,18,7,9
513,11,"2",10,16,5,10
514,11,"2",10,151,3,10
515,26,"2",12,155,38,6
516,26,"2",12,218,36,6
517,26,"2",12,219,45,9
518,26,"3",18,155,38,9
519,25,"2",15,275,30,5
520,25,"2",15,278,13,9
521,25,"2",15,223,28,1
522,1,"2",3,229,18,2
523,1,"2",3,228,4,9
524,1,"3",3,228,4,10
525,31,"1",7,319,16,4
526,31,"1",7,320,29,7
527,31,"1",7,321,13,4
528,31,"2",19,280,38,6
529,30,"1",4,322,45,9
530,30,"2",9,312,35,13
531,10,"2",9,9,8,6
532,10,"2",9,8,7,10
533,10,"3",20,2,2,9
534,9,"1",3,323,13,7
535,9,"1",3,324,24,7
536,9,"1",3,325,7,8
537,9,"1",3,326,18,8
538,9,"1",3,327,20,7
539,8,"2",3,168,13,8
540,8,"2",3,239,10,9
541,8,"2",3,94,14,8
542,24,"2",9,288,36,6
543,24,"2",9,171,28,14
544,24,"2",9,225,16,6
545,24,"2",9,328,38,10
546,24,"2",9,170,42,7
547,20,"2",13,292,26,4
548,20,"2",13,244,34,10
549,20,"2",13,42,13,3
550,20,"2",13,245,42,13
551,23,"2",16,249,36,1
552,23,"2",16,294,34,9
553,23,"2",16,175,35,6
554,23,"2",16,247,1,7
555,22,"2",11,297,42,2
556,22,"2",11,100,29,8
557,22,"2",11,296,16,2
558,21,"2",17,255,3,2
559,21,"2",17,184,34,6
560,21,"2",17,183,28,6
561,21,"2",17,254,27,10
562,5,"2",3,47,7,12
563,5,"2",3,44,13,9
564,5,"3",3,44,13,10
565,19,"2",13,189,42,4
566,19,"2",13,303,25,13
567,19,"2",13,262,5,6
568,4,"3",3,108,4,1
569,4,"3",3,110,21,10
570,4,"3",3,107,1,1
571,4,"3",3,192,14,10
572,3,"3",3,54,3,10
573,3,"3",3,114,23,1
574,3,"3",3,112,1,10
575,3,"3",3,193,15,1
576,15,"3",21,118,2,4
577,18,"2",14,196,13,2
578,18,"2",14,263,5,15
579,18,"2",14,120,16,8
580,18,"2",14,304,42,1
581,18,"2",14,61,7,10
582,13,"2",10,64,7,10
583,13,"2",10,124,22,9
584,13,"2",10,199,10,10
585,17,"2",11,131,5,10
586,17,"3",22,128,7,2
587,16,"2",9,207,26,10
588,16,"2",9,269,42,16
589,16,"2",9,208,16,10
590,16,"2",9,209,13,9
591,14,"2",9,138,10,10
592,14,"2",9,211,8,9
593,14,"3",23,136,2,13
594,2,"3",3,29,7,1
595,2,"3",3,70,23,10
596,2,"3",3,69,1,1
597,2,"4",3,19,4,14
598,12,"2",9,142,6,9
599,12,"2",9,73,7,9
600,12,"2",9,213,10,10
601,12,"2",9,74,15,9
602,7,"2",3,34,5,14
603,7,"2",3,31,10,2
604,7,"2",3,76,9,14
605,6,"3",3,81,2,1
606,6,"3",3,37,8,10
607,6,"3",3,39,10,1
608,6,"3",3,82,5,10
609,6,"3",3,38,14,1
610,11,"2",10,12,9,9
611,11,"2",10,5,2,10
612,11,"2",10,13,10,9
613,26,"3",18,153,28,7
614,26,"3",18,83,25,6
615,26,"3",18,221,29,2
616,26,"3",18,219,45,11
617,25,"2",15,225,16,6
618,25,"2",15,158,34,9
619,25,"2",15,226,1,6
620,25,"2",15,274,25,1
621,1,"3",3,227,20,1
622,1,"3",3,229,18,10
623,1,"3",3,230,46,1
624,1,"3",3,159,23,10
625,31,"2",19,160,39,9
626,31,"2",19,231,8,7
627,31,"2",19,305,36,9
628,31,"2",19,281,50,10
629,30,"2",9,236,26,7
630,30,"2",9,310,39,4
631,10,"3",20,162,40,5
632,10,"3",20,7,6,9
633,10,"3",20,3,3,5
634,10,"3",20,9,8,14
635,9,"1",3,329,5,8
636,9,"1",3,330,3,7
639,8,"2",3,91,4,9
640,8,"2",3,92,9,8
641,8,"2",3,41,5,9
642,8,"2",3,60,7,8
643,24,"2",9,291,29,4
644,24,"2",9,83,25,16
645,24,"2",9,95,26,4
646,24,"2",9,289,34,7
647,20,"2",13,243,5,2
648,20,"2",13,97,27,6
649,20,"2",13,172,30,8
650,23,"2",16,293,45,4
651,23,"2",16,248,25,6
652,23,"2",16,295,29,9
653,23,"2",16,177,27,3
654,22,"2",11,253,30,4
655,22,"2",11,298,25,4
656,22,"2",11,251,35,8
657,21,"2",17,299,7,9
658,21,"2",17,302,35,16
659,21,"2",17,257,13,8
660,5,"3",3,102,4,1
661,5,"3",3,188,15,10
662,5,"3",3,22,5,1
663,5,"3",3,46,1,10
664,19,"2",13,106,7,6
665,19,"2",13,48,8,2
666,19,"2",13,260,16,8
667,4,"3",3,25,15,1
668,4,"3",3,23,8,10
669,4,"3",3,51,7,1
670,4,"3",3,111,20,10
671,3,"3",3,52,7,10
672,3,"3",3,39,10,1
673,3,"3",3,115,33,1
674,3,"3",3,24,4,10
675,15,"3",21,117,16,1
676,15,"3",21,60,7,13
677,18,"2",14,122,10,8
678,18,"2",14,197,25,1
679,18,"3",24,120,16,10
680,13,"3",23,62,8,6
681,17,"3",22,129,10,9
682,17,"3",22,132,26,6
683,17,"3",22,65,16,9
684,17,"3",22,265,22,4
685,16,"2",9,135,36,10
686,16,"2",9,206,8,9
687,16,"2",9,66,5,16
688,16,"3",25,209,13,7
689,14,"3",23,67,5,2
690,14,"3",23,272,22,6
691,14,"3",23,139,6,13
692,14,"3",23,138,10,2
693,2,"4",3,69,1,6
694,2,"4",3,70,23,14
695,2,"4",3,29,7,6
696,12,"3",26,73,7,6
697,7,"2",3,79,13,2
698,7,"2",3,145,1,14
699,7,"2",3,33,8,2
700,7,"2",3,77,12,14
701,7,"2",3,80,7,2
702,6,"3",3,148,7,10
703,6,"3",3,149,3,1
704,6,"3",3,36,4,10
705,11,"2",10,17,13,9
706,11,"3",27,16,5,13
707,26,"3",18,222,42,11
709,25,"2",15,84,8,6
710,25,"2",15,157,36,7
711,25,"2",15,277,26,1
712,1,"4",3,159,23,13
713,31,"2",19,233,47,10
714,31,"2",19,307,53,7
715,31,"2",19,284,51,9
716,31,"2",19,321,13,9
717,31,"2",19,320,29,10
718,30,"2",9,234,25,1
719,30,"2",9,313,42,2
720,30,"2",9,311,50,8
721,10,"3",20,14,11,14
722,10,"3",20,4,4,9
723,10,"3",20,1,1,5
724,10,"3",20,8,7,14
725,10,"3",20,6,5,9
730,8,"2",3,93,8,9
731,8,"2",3,90,20,8
732,24,"2",9,290,52,14
733,24,"2",9,242,35,4
734,24,"3",28,225,16,1
735,20,"3",11,292,26,8
736,23,"2",16,316,26,10
737,23,"2",16,174,42,14
738,23,"2",16,99,5,6
739,23,"2",16,315,8,9
740,22,"2",11,179,10,14
741,22,"2",11,252,26,13
742,22,"3",24,252,26,11
743,21,"2",17,101,10,10
744,21,"2",17,182,26,4
745,21,"2",17,301,2,6
746,21,"2",17,256,25,6
747,21,"2",17,300,5,1
748,5,"3",3,258,8,1
749,5,"3",3,185,10,10
750,5,"3",3,47,7,1
751,5,"3",3,186,14,10
752,19,"2",13,259,27,4
753,19,"2",13,190,13,16
754,19,"3",29,261,10,14
755,4,"3",3,50,10,1
756,4,"4",3,107,1,14
757,3,"4",3,54,3,5
758,15,"3",21,116,10,6
759,15,"3",21,119,26,14
760,15,"3",21,194,1,4
761,15,"3",21,57,3,14
762,15,"3",21,55,8,14
763,18,"3",24,61,7,2
764,18,"3",24,197,25,16
765,18,"3",24,121,26,11
766,13,"3",23,64,7,2
767,13,"3",23,201,9,2
768,13,"3",23,63,13,13
769,13,"3",23,198,2,1
770,17,"3",22,205,34,14
771,17,"3",22,131,5,17
772,17,"3",22,130,8,4
773,17,"3",22,204,13,17
774,16,"3",25,269,42,4
775,16,"3",25,134,15,14
776,16,"3",25,135,36,7
777,16,"3",25,66,5,10
778,16,"3",25,133,35,11
779,14,"3",23,271,13,5
780,14,"3",23,140,26,2
781,14,"3",23,210,1,10
782,14,"3",23,273,15,2
783,2,"4",3,68,8,14
784,2,"4",3,72,2,6
785,2,"4",3,27,3,14
786,2,"5",3,29,7,13
787,12,"3",26,30,13,4
788,12,"3",26,214,8,2
789,12,"3",26,144,37,2
790,12,"3",26,142,6,2
791,12,"3",26,74,15,13
792,7,"2",3,146,15,14
793,7,"2",3,20,14,2
794,7,"3",3,80,7,10
795,6,"3",3,150,13,1
796,6,"4",3,150,13,14
797,11,"3",27,15,12,5
798,11,"3",27,5,2,6
799,11,"3",27,151,3,13
800,11,"3",27,18,7,5
801,11,"3",27,17,13,6
807,25,"2",15,276,42,6
808,25,"2",15,224,35,7
809,25,"2",15,275,30,13
810,1,"4",3,227,20,13
811,1,"4",3,230,46,13
812,1,"4",3,229,18,13
813,31,"2",19,283,3,1
814,31,"2",19,331,54,7
815,31,"2",19,232,30,6
816,31,"2",19,306,34,2
817,30,"2",9,237,34,2
818,30,"2",9,287,38,6
819,30,"2",9,322,45,4
823,9,"2",3,329,5,10
824,8,"2",3,239,10,9
825,8,"3",3,240,1,13
826,24,"3",28,290,52,6
827,24,"3",28,170,42,17
828,24,"3",28,328,38,1
829,20,"3",11,98,28,2
830,20,"3",11,173,16,8
831,20,"3",11,97,27,8
832,20,"3",11,246,7,13
833,20,"3",11,83,25,3
834,23,"3",30,177,27,10
835,22,"3",24,179,10,5
836,22,"3",24,100,29,6
837,22,"3",24,298,25,11
838,21,"2",17,184,34,9
839,5,"3",3,45,20,1
840,5,"4",3,188,15,7
841,19,"3",29,303,25,9
842,19,"3",29,106,7,11
843,19,"3",29,103,30,4
844,19,"3",29,191,34,5
845,19,"3",29,48,8,6
846,4,"4",3,192,14,5
847,4,"4",3,51,7,14
848,4,"4",3,23,8,5
849,4,"4",3,108,4,14
850,3,"4",3,55,8,14
851,3,"4",3,112,1,5
852,3,"4",3,52,7,14
853,3,"4",3,193,15,5
854,15,"3",21,58,6,9
855,15,"3",21,17,13,14
856,15,"3",21,56,5,9
857,18,"3",24,68,8,5
858,18,"3",24,195,1,6
859,18,"3",24,263,5,11
860,18,"3",24,304,42,10
861,13,"3",23,199,10,2
862,13,"3",23,124,22,5
863,13,"3",23,200,5,2
864,17,"3",22,266,29,9
865,17,"3",22,202,43,16
866,17,"4",31,130,8,9
867,16,"3",25,206,8,8
868,16,"3",25,270,10,2
869,16,"3",25,268,7,13
870,16,"3",25,208,16,4
871,16,"3",25,207,26,7
872,14,"3",23,211,8,8
873,14,"3",23,137,16,2
874,14,"4",32,140,26,1
875,2,"5",3,19,4,13
876,2,"5",3,27,3,13
877,2,"5",3,69,1,13
878,2,"5",3,72,2,13
879,2,"5",3,68,8,13
880,12,"3",26,75,24,5
881,12,"3",26,143,2,14
882,12,"3",26,194,1,2
883,7,"3",3,76,9,7
884,7,"3",3,33,8,10
885,7,"3",3,31,10,7
886,7,"3",3,146,15,7
887,7,"3",3,20,14,10
888,6,"4",3,149,3,7
889,6,"4",3,38,14,14
890,6,"4",3,216,44,7
891,11,"3",27,10,1,13
892,11,"3",27,12,9,5
893,11,"3",27,13,10,6
894,11,"3",27,11,8,13
895,26,"4",33,221,29,7
896,25,"2",15,277,26,2
897,25,"2",15,276,42,14
898,25,"2",15,157,36,13
899,25,"2",15,225,16,3
900,1,"5",3,230,46,6
901,31,"2",19,282,25,10
902,31,"3",34,321,13,2
903,30,"2",9,235,48,2
904,30,"2",9,309,47,4
905,30,"2",9,238,30,2
906,30,"2",9,286,8,8
910,9,"2",3,326,18,9
911,9,"2",3,86,2,1
912,9,"2",3,323,13,10
913,9,"2",3,164,41,9
914,8,"3",3,94,14,6
915,8,"3",3,166,24,13
916,8,"3",3,92,9,6
917,8,"3",3,91,4,13
918,24,"3",28,171,28,6
919,24,"3",28,291,29,9
920,24,"3",28,169,30,13
921,20,"3",11,96,15,2
922,20,"3",11,172,30,4
923,20,"3",11,42,13,14
924,23,"3",30,249,36,10
925,23,"3",30,294,34,14
926,23,"3",30,248,25,14
927,22,"3",24,250,7,10
928,22,"3",24,297,42,6
929,22,"3",24,178,13,14
930,22,"3",24,180,28,6
931,21,"2",17,256,25,4
932,21,"2",17,301,2,14
933,21,"2",17,254,27,11
934,21,"2",17,257,13,2
935,5,"4",3,44,13,14
936,5,"4",3,47,7,7
937,5,"4",3,185,10,14
938,19,"3",29,190,13,7
939,19,"3",29,259,27,1
940,19,"3",29,104,26,16
941,19,"3",29,260,16,3
942,4,"4",3,110,21,5
943,4,"4",3,50,10,14
944,4,"4",3,111,20,5
945,3,"4",3,115,33,14
946,3,"4",3,24,4,5
947,3,"4",3,39,10,14
948,3,"5",3,24,4,13
949,15,"4",35,194,1,17
950,18,"3",24,196,13,10
951,18,"4",36,332,7,9
952,13,"3",23,127,1,4
953,13,"3",23,125,15,2
954,13,"4",37,64,7,1
955,17,"4",31,132,26,3
956,17,"4",31,65,16,8
957,17,"4",31,265,22,7
958,17,"4",31,128,7,4
959,17,"4",31,129,10,14
962,16,"4",38,208,16,7
963,14,"4",32,271,13,14
964,14,"4",32,273,15,1
965,14,"4",32,210,1,14
966,14,"4",32,137,16,14
967,14,"4",32,272,22,1
968,2,"6",3,72,2,14
969,12,"3",26,213,10,2
970,12,"4",39,142,6,14
971,7,"3",3,32,18,7
972,7,"3",3,77,12,10
973,7,"3",3,34,5,7
974,6,"4",3,39,10,14
975,6,"4",3,36,4,7
976,6,"4",3,37,8,14
977,6,"4",3,82,5,7
978,6,"4",3,148,7,14
980,26,"4",33,221,29,18
981,26,"4",33,222,42,6
982,26,"4",33,222,42,18
983,25,"2",15,224,35,13
984,25,"2",15,158,34,2
985,25,"2",15,156,38,3
986,25,"2",15,226,1,8
987,25,"2",15,84,8,13
988,1,"5",3,230,46,14
989,1,"5",3,229,18,6
990,1,"5",3,229,18,14
991,31,"3",34,283,3,2
992,31,"3",34,306,34,1
993,31,"3",34,233,47,2
994,31,"3",34,160,39,2
995,31,"3",34,231,8,13
996,30,"2",9,161,36,6
997,30,"2",9,285,29,4
1002,9,"2",3,314,1,1
1003,9,"2",3,163,6,10
1004,9,"2",3,40,10,9
1005,9,"2",3,330,3,1
1006,8,"3",3,168,13,6
1007,8,"3",3,93,8,13
1008,8,"3",3,125,15,6
1009,24,"3",28,242,35,16
1010,24,"3",28,288,36,10
1011,24,"3",28,289,34,13
1012,24,"3",28,95,26,6
1013,24,"4",24,95,26,2
1014,20,"3",11,245,42,3
1015,20,"3",11,243,5,13
1016,20,"4",24,243,5,3
1017,23,"3",30,174,42,4
1018,23,"3",30,315,8,4
1019,23,"3",30,295,29,7
1020,23,"3",30,175,35,7
1021,23,"3",30,247,1,8
1022,22,"3",24,253,30,13
1023,22,"3",24,251,35,5
1024,22,"3",24,296,16,1
1025,22,"4",40,297,42,16
1026,21,"2",17,255,3,1
1027,21,"2",17,300,5,5
1028,21,"2",17,299,7,6
1029,21,"2",17,302,35,9
1030,21,"2",17,101,10,2
1031,5,"4",3,46,1,7
1032,5,"4",3,102,4,14
1033,5,"4",3,45,20,7
1034,19,"3",29,262,5,16
1035,19,"4",24,104,26,2
1036,4,"4",3,25,15,14
1037,4,"5",3,23,8,13
1038,3,"5",3,112,1,2
1039,3,"5",3,52,7,13
1040,3,"5",3,39,10,2
1041,3,"5",3,193,15,13
1042,3,"5",3,54,3,2
1043,15,"4",35,17,13,19
1044,15,"4",35,57,3,20
1045,15,"4",35,55,8,21
1046,15,"4",35,117,16,22
1047,18,"4",36,333,8,1
1048,18,"4",36,334,25,4
1049,18,"4",36,335,1,10
1050,18,"4",36,336,16,2
1051,13,"4",37,125,15,14
1052,13,"4",37,198,2,7
1053,13,"4",37,124,22,14
1054,13,"4",37,127,1,6
1055,13,"4",37,62,8,14
1056,17,"4",31,266,29,10
1057,17,"4",31,204,13,6
1058,17,"4",31,131,5,1
1059,17,"4",31,205,34,13
1060,16,"4",38,133,35,14
1061,16,"4",38,270,10,6
1062,16,"4",38,209,13,11
1063,16,"4",38,269,42,7
1064,14,"4",32,211,8,10
1065,14,"4",32,139,6,7
1066,14,"4",32,67,5,1
1067,14,"4",32,138,10,1
1068,14,"5",41,273,15,13
1069,2,"6",3,68,8,1
1070,2,"6",3,19,4,2
1071,2,"6",3,27,3,9
1072,2,"6",3,29,7,10
1073,12,"4",39,144,37,7
1074,12,"4",39,143,2,7
1075,12,"4",39,75,24,14
1076,12,"4",39,213,10,5
1077,12,"4",39,74,15,14
1078,7,"4",3,33,8,13
1079,6,"5",3,39,10,13
1084,26,"4",33,219,45,16
1085,26,"4",33,219,45,18
1086,25,"2",15,278,13,8
1087,25,"2",15,274,25,4
1088,25,"3",42,158,34,3
1089,1,"5",3,159,23,6
1090,1,"5",3,159,23,14
1091,1,"6",43,230,46,9
1092,31,"3",34,320,29,2
1093,31,"3",34,282,25,1
1094,31,"3",34,284,51,2
1095,31,"3",34,232,30,3
1096,30,"3",44,287,38,4
1098,10,"5",37,3,3,10
1099,9,"2",3,325,7,9
1100,9,"2",3,87,9,9
1101,9,"2",3,324,24,10
1102,9,"2",3,165,8,1
1103,9,"2",3,89,15,10
1104,8,"3",3,239,10,13
1105,8,"3",3,60,7,6
1106,8,"3",3,41,5,13
1107,24,"4",24,225,16,2
1108,24,"4",24,169,30,6
1109,24,"4",24,290,52,5
1110,24,"4",24,328,38,4
1111,24,"4",24,242,35,7
1112,20,"4",24,173,16,2
1113,20,"4",24,97,27,1
1114,20,"4",24,96,15,5
1115,23,"3",30,176,30,8
1116,23,"3",30,316,26,1
1117,23,"3",30,99,5,1
1118,23,"4",45,175,35,17
1119,22,"4",40,250,7,5
1120,22,"4",40,296,16,13
1121,22,"4",40,179,10,16
1122,21,"2",17,318,42,6
1123,21,"2",17,182,26,17
1124,21,"3",16,256,25,16
1125,5,"4",3,22,5,14
1126,5,"4",3,186,14,7
1127,5,"5",3,45,20,13
1128,19,"4",24,259,27,13
1129,19,"4",24,106,7,10
1130,19,"4",24,262,5,2
1131,4,"5",3,110,21,2
1132,4,"5",3,111,20,13
1133,4,"5",3,25,15,2
1134,4,"5",3,108,4,13
1135,3,"5",3,55,8,13
1136,3,"6",3,39,10,12
1137,15,"4",35,60,7,23
1138,15,"4",35,56,5,12
1139,15,"4",35,116,10,24
1140,18,"4",36,337,13,8
1141,18,"4",36,338,42,6
1142,18,"4",36,339,5,16
1143,18,"4",36,340,26,3
1144,18,"5",40,68,8,9
1145,13,"4",37,200,5,1
1146,13,"4",37,201,9,14
1147,13,"4",37,199,10,6
1148,13,"5",46,127,1,1
1149,17,"5",24,204,13,4
1150,16,"4",38,207,26,13
1151,16,"4",38,134,15,7
1152,16,"4",38,206,8,6
1153,16,"4",38,66,5,2
1154,16,"4",38,135,36,4
1155,14,"5",41,210,1,8
1156,14,"5",41,67,5,8
1157,14,"5",41,271,13,3
1158,2,"7",3,29,7,9
1159,12,"4",39,30,13,7
1160,12,"4",39,214,8,14
1161,12,"4",39,194,1,5
1162,7,"4",3,20,14,1
1163,7,"4",3,32,18,13
1164,6,"5",3,149,3,2
1165,6,"5",3,148,7,13
1166,6,"5",3,37,8,2
1170,25,"3",42,276,42,4
1171,25,"3",42,277,26,9
1172,25,"3",42,341,38,16
1173,25,"3",42,275,30,7
1174,1,"6",43,230,46,18
1175,1,"6",43,229,18,13
1176,1,"6",43,229,18,18
1177,31,"3",34,305,36,2
1178,31,"3",34,280,38,2
1179,31,"3",34,331,54,3
1180,31,"3",34,307,53,4
1181,30,"3",44,235,48,1
1182,30,"3",44,311,50,14
1183,30,"3",44,322,45,3
1184,30,"3",44,310,39,1
1185,10,"5",37,9,8,9
1186,10,"5",37,1,1,10
1187,10,"5",37,7,6,4
1188,10,"5",37,14,11,9
1189,9,"3",3,87,9,2
1190,8,"3",3,167,6,6
1191,8,"3",3,166,24,13
1192,24,"4",24,289,34,11
1193,24,"4",24,288,36,4
1194,24,"4",24,291,29,7
1195,20,"4",24,83,25,2
1196,20,"4",24,172,30,16
1197,20,"4",24,292,26,5
1198,20,"4",24,246,7,6
1199,23,"4",45,176,30,3
1200,23,"4",45,249,36,6
1201,23,"4",45,99,5,14
1202,22,"4",40,100,29,9
1203,22,"4",40,180,28,4
1204,22,"4",40,298,25,7
1205,22,"4",40,252,26,6
1206,21,"3",16,255,3,13
1207,21,"3",16,182,26,1
1208,21,"3",16,257,13,16
1209,21,"3",16,254,27,9
1210,5,"5",3,47,7,2
1211,5,"5",3,188,15,13
1212,5,"5",3,44,13,2
1213,5,"5",3,22,5,13
1214,19,"4",24,191,34,9
1215,19,"4",24,103,30,11
1216,19,"4",24,48,8,13
1217,19,"4",24,260,16,10
1218,4,"5",3,107,1,2
1219,4,"5",3,192,14,13
1220,3,"6",3,54,3,13
1221,3,"6",3,24,4,2
1222,3,"6",3,55,8,10
1223,3,"6",3,193,15,14
1224,15,"4",35,119,26,11
1225,15,"5",47,119,26,13
1226,18,"5",40,304,42,16
1227,18,"5",40,121,26,9
1228,18,"5",40,263,5,5
1229,13,"5",46,198,2,10
1230,13,"5",46,124,22,2
1231,13,"5",46,199,10,13
1232,13,"5",46,62,8,2
1233,17,"5",24,130,8,5
1234,17,"5",24,128,7,11
1235,17,"5",24,129,10,6
1236,17,"5",24,205,34,7
1237,16,"5",48,134,15,4
1238,14,"5",41,138,10,13
1239,14,"5",41,211,8,3
1240,14,"5",41,272,22,13
1241,14,"5",41,139,6,8
1242,2,"7",3,29,7,4
1243,2,"7",3,72,2,1
1244,2,"7",3,72,2,2
1245,2,"7",3,27,3,6
1246,12,"5",49,213,10,13
1247,7,"4",3,77,12,1
1248,7,"4",3,31,10,13
1249,7,"4",3,80,7,1
1250,7,"4",3,34,5,13
1251,6,"5",3,216,44,13
1252,6,"5",3,150,13,2
1253,6,"5",3,82,5,13
1254,6,"5",3,36,4,2
1255,6,"6",3,36,4,4
1257,11,"5",50,10,1,9
1258,25,"3",42,274,25,13
1259,25,"3",42,278,13,10
1260,25,"3",42,157,36,16
1261,25,"3",42,225,16,16
1262,1,"7",51,229,18,4
1263,31,"4",52,308,48,17
1264,30,"3",44,313,42,1
1265,30,"3",44,238,30,4
1266,30,"3",44,161,36,1
1267,10,"5",37,8,7,6
1268,10,"5",37,6,5,1
1269,10,"5",37,2,2,2
1270,10,"6",53,7,6,13
1271,9,"3",3,329,5,13
1272,9,"3",3,324,24,2
1273,9,"3",3,323,13,13
1274,8,"3",3,240,1,13
1275,8,"4",3,125,15,25
1276,24,"4",24,170,42,6
1277,24,"5",40,289,34,6
1278,20,"4",24,42,13,11
1279,20,"4",24,245,42,11
1280,20,"5",40,246,7,16
1281,23,"4",45,247,1,3
1282,23,"4",45,315,8,7
1283,23,"4",45,177,27,1
1284,22,"4",40,251,35,13
1285,22,"4",40,178,13,9
1286,22,"5",36,342,25,1
1287,21,"3",16,301,2,1
1288,21,"3",16,302,35,1
1289,21,"3",16,300,5,9
1290,21,"3",16,318,42,7
1291,5,"5",3,186,14,2
1292,5,"5",3,46,1,13
1293,5,"5",3,102,4,2
1294,5,"6",3,44,13,6
1295,19,"4",24,190,13,13
1296,19,"4",24,303,25,16
1297,19,"5",36,343,27,22
1298,4,"5",3,50,10,2
1299,4,"6",3,25,15,13
1300,3,"7",3,193,15,6
1301,15,"5",47,117,16,2
1302,15,"5",47,194,1,9
1303,15,"5",47,55,8,13
1304,15,"5",47,60,7,1
1305,18,"5",40,197,25,13
1306,18,"5",40,61,7,6
1307,18,"5",40,120,16,11
1308,18,"5",40,195,1,13
1309,13,"5",46,201,9,13
1310,13,"5",46,125,15,1
1311,13,"5",46,200,5,6
1312,13,"6",54,62,8,4
1313,17,"5",24,266,29,16
1314,17,"5",24,65,16,11
1315,17,"5",24,131,5,6
1316,17,"5",24,132,26,10
1317,17,"6",55,205,34,1
1318,16,"5",48,270,10,10
1319,16,"5",48,133,35,7
1320,16,"5",48,209,13,13
1321,16,"5",48,208,16,9
1322,14,"5",41,137,16,3
1324,2,"7",3,27,3,4
1325,2,"7",3,68,8,6
1326,2,"7",3,68,8,2
1327,12,"5",49,214,8,7
1328,12,"5",49,75,24,9
1329,12,"5",49,142,6,6
1330,12,"5",49,74,15,2
1331,12,"5",49,194,1,6
1332,7,"4",3,76,9,1
1333,7,"4",3,146,15,13
1334,7,"5",3,76,9,26
1335,6,"6",3,82,5,2
1336,6,"6",3,216,44,12
1337,6,"6",3,37,8,6
1338,11,"5",50,15,12,1
1339,11,"5",50,5,2,9
1340,11,"5",50,18,7,2
1341,11,"5",50,12,9,6
1342,11,"5",50,11,8,2
1343,25,"3",42,84,8,8
1344,25,"3",42,224,35,17
1345,25,"4",24,274,25,9
1346,1,"7",51,229,18,9
1347,1,"7",51,229,18,18
1348,1,"7",51,230,46,2
1349,1,"7",51,230,46,5
1350,31,"4",52,231,8,14
1351,31,"4",52,160,39,16
1352,31,"4",52,282,25,16
1353,31,"4",52,233,47,9
1354,30,"3",44,237,34,8
1355,30,"3",44,236,26,1
1356,30,"3",44,286,8,16
1357,30,"3",44,285,29,6
1358,30,"3",44,312,35,1
1359,10,"6",53,2,2,13
1360,10,"6",53,3,3,3
1361,10,"6",53,1,1,13
1362,10,"6",53,9,8,3
1363,9,"3",3,163,6,2
1364,9,"3",3,314,1,13
1365,9,"3",3,89,15,2
1366,9,"3",3,164,41,13
1367,8,"4",3,41,5,3
1368,8,"4",3,94,14,25
1369,8,"4",3,91,4,3
1370,8,"4",3,167,6,25
1371,24,"5",40,225,16,16
1372,24,"5",40,288,36,7
1373,24,"5",40,328,38,16
1374,20,"5",40,96,15,9
1375,20,"5",40,172,30,5
1376,20,"5",40,42,13,6
1377,20,"5",40,83,25,9
1378,23,"4",45,295,29,13
1379,23,"4",45,316,26,16
1380,23,"4",45,248,25,7
1381,22,"5",36,344,28,7
1382,22,"5",36,345,16,1
1383,22,"5",36,346,13,8
1384,22,"5",36,347,10,4
1385,22,"5",36,348,29,2
1386,21,"3",16,184,34,10
1387,21,"4",24,257,13,6
1388,5,"6",3,22,5,12
1389,5,"6",3,47,7,10
1390,19,"5",36,349,13,24
1391,19,"5",36,350,16,23
1392,19,"5",36,351,8,27
1393,19,"5",36,352,30,28
1394,4,"6",3,111,20,14
1395,4,"6",3,108,4,12
1396,4,"6",3,107,1,4
1397,4,"6",3,50,10,10
1398,3,"7",3,193,15,12
1399,3,"7",3,54,3,9
1400,3,"7",3,54,3,14
1401,3,"7",3,55,8,5
1402,15,"5",47,56,5,2
1403,15,"5",47,116,10,13
1404,15,"5",47,57,3,5
1405,15,"6",56,117,16,4
1406,18,"5",40,196,13,13
1407,18,"6",57,61,7,8
1408,13,"6",54,124,22,6
1409,13,"6",54,125,15,9
1410,13,"6",54,200,5,9
1411,13,"6",54,201,9,1
1412,17,"6",55,132,26,4
1413,17,"6",55,128,7,9
1414,17,"6",55,65,16,1
1415,17,"6",55,131,5,13
1416,16,"5",48,66,5,6
1417,16,"5",48,206,8,1
1418,16,"5",48,207,26,3
1419,16,"5",48,269,42,14
1421,14,"6",58,272,22,2
1422,2,"8",3,72,2,6
1423,12,"5",49,144,37,6
1424,12,"5",49,30,13,13
1425,12,"6",59,194,1,13
1426,7,"5",3,32,18,26
1427,7,"5",3,80,7,29
1428,7,"5",3,146,15,29
1429,7,"5",3,77,12,8
1430,6,"6",3,148,7,7
1431,6,"6",3,150,13,10
1432,6,"6",3,39,10,2
1433,6,"7",3,148,7,1
1434,11,"5",50,17,13,10
1435,11,"5",50,16,5,6
1436,11,"6",32,18,7,14
1437,25,"4",24,84,8,7
1438,25,"4",24,275,30,11
1439,25,"4",24,225,16,11
1440,25,"4",24,278,13,7
1441,25,"4",24,276,42,16
1442,1,"7",51,230,46,18
1443,31,"4",52,305,36,17
1444,31,"4",52,232,30,7
1445,31,"4",52,307,53,9
1446,30,"3",44,234,25,8
1447,30,"4",60,322,45,7
1448,10,"6",53,6,5,13
1449,10,"6",53,14,11,3
1452,9,"3",3,326,18,2
1453,9,"3",3,86,2,13
1454,9,"3",3,40,10,2
1455,9,"3",3,165,8,13
1456,9,"3",3,330,3,13
1457,8,"4",3,239,10,3
1458,8,"4",3,60,7,25
1459,8,"4",3,166,24,3
1460,8,"4",3,92,9,25
1461,24,"5",40,170,42,1
1462,24,"5",40,95,26,14
1463,24,"5",40,242,35,10
1464,24,"5",40,169,30,16
1465,20,"5",40,245,42,6
1466,20,"5",40,97,27,14
1467,20,"5",40,292,26,13
1468,20,"5",40,243,5,16
1469,23,"4",45,174,42,9
1470,23,"5",24,176,30,6
1471,22,"5",36,353,35,10
1472,22,"5",36,354,42,7
1473,22,"5",36,355,26,14
1474,22,"6",61,100,29,10
1475,21,"4",24,301,2,16
1476,21,"4",24,182,26,2
1477,21,"4",24,184,34,11
1478,5,"6",3,102,4,13
1479,5,"6",3,46,1,2
1480,5,"6",3,45,20,14
1481,5,"6",3,186,14,4
1482,19,"5",36,356,25,20
1483,19,"5",36,357,34,12
1484,19,"5",36,358,5,17
1485,19,"5",36,359,26,30
1486,4,"6",3,192,14,2
1487,4,"6",3,23,8,14
1488,4,"7",3,107,1,9
1489,3,"7",3,55,8,12
1490,3,"7",3,39,10,6
1491,3,"7",3,39,10,10
1492,3,"7",3,24,4,6
1493,15,"6",56,57,3,2
1494,15,"6",56,119,26,1
1495,15,"6",56,60,7,7
1496,18,"6",57,196,13,4
1497,18,"6",57,120,16,9
1498,18,"6",57,121,26,4
1499,18,"6",57,195,1,1
1500,18,"6",57,68,8,1
1501,13,"6",54,127,1,2
1502,13,"6",54,199,10,9
1503,13,"7",62,125,15,4
1504,17,"6",55,130,8,14
1505,17,"6",55,266,29,6
1506,17,"6",55,129,10,7
1507,16,"6",63,207,26,4
1508,14,"6",58,67,5,6
1509,14,"6",58,139,6,2
1510,14,"6",58,271,13,13
1511,14,"6",58,137,16,6
1512,14,"6",58,210,1,7
1513,2,"8",3,72,2,18
1514,2,"8",3,72,2,4
1515,2,"8",3,29,7,10
1516,12,"6",59,214,8,1
1517,12,"6",59,142,6,5
1518,12,"6",59,30,13,9
1519,12,"6",59,144,37,13
1520,12,"6",59,74,15,7
1521,7,"5",3,33,8,8
1522,7,"5",3,34,5,23
1523,7,"5",3,20,14,23
1524,7,"6",3,33,8,7
1525,6,"7",3,148,7,2
1526,6,"7",3,37,8,7
1527,6,"7",3,37,8,13
1528,6,"7",3,150,13,7
1529,6,"7",3,150,13,4
1530,11,"6",32,12,9,1
1531,11,"6",32,16,5,14
1532,11,"6",32,11,8,1
1533,25,"4",24,224,35,11
1534,25,"4",24,157,36,6
1535,25,"4",24,226,1,2
1536,25,"4",24,158,34,10
1537,25,"4",24,277,26,6
1538,31,"4",52,306,34,13
1539,31,"4",52,284,51,13
1540,31,"4",52,320,29,9
1541,31,"4",52,280,38,10
1542,30,"4",60,161,36,16
1543,30,"4",60,312,35,9
1544,30,"4",60,237,34,14
1545,30,"4",60,287,38,2
1546,30,"4",60,236,26,13
1551,9,"4",3,86,2,31
1552,8,"4",3,93,8,3
1553,8,"4",3,168,13,25
1554,8,"5",3,94,14,7
1555,24,"5",40,291,29,11
1556,24,"6",64,291,29,13
1557,20,"6",65,172,30,9
1558,23,"5",24,175,35,16
1559,23,"5",24,249,36,11
1560,23,"5",24,315,8,11
1561,23,"5",24,316,26,14
1562,22,"6",61,298,25,16
1563,22,"6",61,180,28,11
1564,22,"6",61,178,13,16
1565,22,"6",61,296,16,9
1566,21,"4",24,302,35,14
1567,21,"4",24,318,42,16
1568,21,"4",24,256,25,5
1569,5,"7",3,186,14,1
1570,19,"6",66,259,27,16
1571,4,"7",3,107,1,13
1572,4,"7",3,108,4,6
1573,4,"7",3,108,4,2
1574,3,"7",3,24,4,12
1575,3,"8",62,24,4,1
1576,15,"6",56,56,5,4
1577,15,"6",56,194,1,2
1578,15,"6",56,116,10,7
1579,15,"6",56,55,8,6
1580,18,"6",57,304,42,4
1581,18,"6",57,263,5,10
1582,18,"7",11,263,5,2
1583,13,"7",62,199,10,1
1584,13,"7",62,124,22,10
1585,13,"7",62,62,8,1
1591,16,"6",63,269,42,13
1592,16,"6",63,208,16,13
1593,16,"6",63,209,13,6
1594,16,"6",63,134,15,1
1595,14,"6",58,273,15,4
1596,14,"6",58,211,8,2
1600,2,"8",3,29,7,18
1601,2,"8",3,29,7,13
1602,2,"8",3,68,8,14
1603,2,"8",3,68,8,18
1604,12,"6",59,213,10,14
1605,12,"7",67,30,13,14
1606,7,"6",3,76,9,10
1607,7,"6",3,80,7,12
1608,7,"6",3,34,5,2
1609,7,"6",3,77,12,4
1610,6,"7",3,39,10,6
1611,6,"7",3,39,10,12
1612,6,"7",3,82,5,1
1613,11,"6",32,17,13,1
1614,11,"6",32,5,2,14
1615,11,"6",32,10,1,1
1618,25,"5",40,277,26,16
1619,31,"4",52,321,13,16
1620,31,"5",68,306,34,16
1621,30,"4",60,234,25,9
1622,30,"4",60,310,39,11
1623,30,"4",60,313,42,5
1624,30,"4",60,285,29,8
1625,30,"4",60,238,30,9
1627,10,"7",69,1,1,9
1628,9,"4",3,323,13,17
1629,9,"4",3,326,18,21
1630,9,"4",3,40,10,32
1631,9,"4",3,87,9,31
1632,8,"5",3,91,4,14
1633,8,"5",3,168,13,7
1634,8,"5",3,60,7,14
1635,8,"5",3,125,15,7
1636,8,"5",3,93,8,14
1637,24,"6",64,170,42,2
1638,24,"6",64,169,30,14
1639,24,"6",64,225,16,10
1640,20,"6",65,243,5,1
1641,20,"6",65,42,13,8
1642,20,"6",65,96,15,10
1643,20,"6",65,245,42,2
1644,20,"6",65,292,26,16
1645,23,"5",24,99,5,7
1646,23,"5",24,247,1,13
1647,23,"5",24,174,42,1
1648,23,"5",24,295,29,11
1649,22,"6",61,252,26,16
1650,22,"6",61,179,10,22
1651,22,"6",61,251,35,16
1652,22,"6",61,297,42,10
1653,22,"7",70,180,28,9
1654,21,"4",24,255,3,4
1655,21,"4",24,254,27,4
1656,21,"4",24,300,5,11
1657,5,"7",3,186,14,13
1658,5,"7",3,45,20,9
1659,5,"7",3,45,20,4
1660,5,"7",3,46,1,6
1661,5,"7",3,46,1,14
1662,19,"6",66,104,26,13
1663,19,"6",66,260,16,6
1664,19,"6",66,48,8,8
1665,19,"6",66,190,13,2
1666,4,"7",3,192,14,6
1667,4,"7",3,192,14,12
1668,4,"7",3,23,8,1
1669,4,"7",3,23,8,12
1670,4,"7",3,50,10,5
1671,3,"8",62,24,4,14
1672,3,"8",62,39,10,5
1673,3,"8",62,39,10,13
1675,15,"7",71,116,10,4
1676,18,"7",11,120,16,13
1677,18,"7",11,121,26,8
1678,18,"7",11,61,7,3
1679,18,"7",11,304,42,14
1680,18,"7",11,196,13,3
1681,13,"7",62,200,5,14
1682,13,"7",62,127,1,13
1683,13,"8",72,62,8,9
1687,17,"7",12,132,26,9
1688,16,"6",63,66,5,9
1689,16,"6",63,133,35,2
1690,16,"6",63,270,10,9
1696,2,"8",3,68,8,10
1697,12,"7",67,144,37,1
1698,12,"7",67,194,1,10
1699,12,"7",67,213,10,9
1700,7,"6",3,20,14,13
1701,7,"6",3,146,15,2
1702,7,"7",3,146,15,6
1703,6,"7",3,82,5,12
1704,6,"7",3,36,4,9
1705,6,"7",3,36,4,14
1706,6,"8",3,150,13,9
1710,25,"5",40,226,1,5
1711,25,"5",40,278,13,6
1712,25,"5",40,225,16,9
1713,25,"5",40,158,34,7
1714,31,"5",68,305,36,6
1715,31,"5",68,280,38,1
1716,31,"5",68,307,53,6
1717,30,"4",60,286,8,10
1718,30,"4",60,235,48,6
1719,30,"4",60,237,34,16
1720,10,"7",69,9,8,7
1721,10,"7",69,6,5,5
1722,10,"7",69,14,11,5
1723,10,"7",69,3,3,9
1724,9,"4",3,330,3,17
1725,9,"4",3,329,5,32
1726,9,"4",3,89,15,17
1727,8,"5",3,92,9,7
1728,8,"5",3,167,6,14
1729,8,"5",3,41,5,7
1730,8,"5",3,125,15,7
1731,24,"6",64,95,26,8
1732,24,"6",64,242,35,3
1733,24,"6",64,289,34,1
1734,24,"6",64,241,1,2
1735,20,"6",65,83,25,7
1736,20,"6",65,97,27,13
1737,20,"7",73,97,27,9
1738,23,"6",11,315,8,8
1739,22,"7",70,100,29,13
1740,22,"7",70,296,16,6
1741,22,"7",70,297,42,1
1742,22,"7",70,251,35,6
1743,21,"5",36,360,3,13
1744,5,"7",3,47,7,9
1745,5,"7",3,47,7,4
1746,5,"7",3,22,5,7
1747,5,"7",3,22,5,2
1748,19,"6",66,103,30,8
1749,19,"6",66,191,34,3
1750,19,"6",66,262,5,1
1751,19,"6",66,303,25,8
1752,4,"7",3,50,10,13
1753,4,"7",3,25,15,6
1754,4,"7",3,25,15,10
1755,3,"8",62,54,3,1
1756,3,"8",62,54,3,4
1757,3,"8",62,55,8,6
1758,3,"8",62,55,8,2
1759,15,"7",71,55,8,2
1760,15,"7",71,194,1,9
1761,15,"7",71,119,26,6
1762,18,"7",11,195,1,8
1763,18,"8",74,304,42,9
1764,13,"8",72,62,8,10
1765,13,"8",72,127,1,9
1766,13,"8",72,127,1,10
1767,13,"8",72,200,5,5
1768,17,"7",12,65,16,10
1769,17,"7",12,128,7,8
1770,17,"7",12,130,8,10
1771,16,"7",11,270,10,8
1773,12,"7",67,74,15,1
1774,12,"7",67,142,6,13
1775,12,"8",72,30,13,5
1776,7,"7",3,80,7,14
1777,7,"7",3,33,8,4
1778,7,"7",3,361,4,7
1779,7,"7",3,76,9,2
1780,6,"8",3,150,13,13
1781,6,"8",3,39,10,7
1782,6,"8",3,39,10,10
1783,6,"8",3,148,7,6
1784,6,"8",3,148,7,12
1787,11,"7",75,12,9,14
1788,25,"5",40,157,36,2
1789,25,"5",40,84,8,9
1790,25,"5",40,274,25,3
1791,31,"5",68,308,48,2
1792,31,"5",68,233,47,11
1793,31,"5",68,160,39,8
1794,31,"5",68,321,13,11
1795,30,"4",60,286,8,7
1796,30,"4",60,161,36,7
1797,30,"4",60,322,45,14
1798,10,"7",69,2,2,3
1799,10,"8",76,9,8,1
1800,9,"4",3,164,41,21
1801,9,"4",3,163,6,31
1802,9,"4",3,324,24,32
1803,9,"5",3,326,18,14
1804,8,"5",3,91,4,14
1805,8,"6",3,167,6,10
1806,24,"7",77,170,42,14
1807,20,"7",73,83,25,6
1808,20,"7",73,292,26,10
1809,20,"7",73,245,42,16
1810,20,"7",73,96,15,3
1811,20,"7",73,362,29,17
1812,23,"6",11,295,29,14
1813,23,"6",11,247,1,4
1814,23,"6",11,174,42,2
1815,23,"6",11,99,5,4
1816,22,"7",70,252,26,7
1817,22,"7",70,298,25,8
1818,22,"7",70,178,13,10
1819,22,"8",78,296,16,14
1820,21,"5",36,363,27,7
1821,21,"5",36,364,13,10
1822,21,"5",36,365,34,2
1823,21,"5",36,366,26,4
1824,5,"7",3,102,4,9
1825,5,"7",3,102,4,10
1826,5,"8",3,22,5,10
1827,19,"7",79,260,16,9
1828,4,"8",3,23,8,6
1829,3,"9",3,39,10,1
1830,15,"7",71,60,7,1
1831,15,"7",71,168,13,1
1832,15,"7",71,117,16,3
1834,18,"8",74,121,26,1
1835,18,"8",74,195,1,2
1836,18,"8",74,196,13,6
1837,18,"8",74,120,16,7
1838,18,"8",74,263,5,3
1839,13,"8",72,200,5,10
1840,13,"8",72,124,22,1
1841,13,"8",72,124,22,10
1842,17,"7",12,131,5,14
1843,17,"7",12,205,34,9
1844,17,"7",12,266,29,13
1845,17,"7",12,129,10,4
1846,17,"8",80,129,10,3
1847,16,"7",11,134,15,2
1848,16,"7",11,66,5,13
1849,16,"7",11,269,42,2
1850,16,"7",11,209,13,8
1852,14,"7",39,271,13,2
1853,12,"8",72,30,13,8
1854,12,"8",72,74,15,6
1855,12,"8",72,74,15,10
1856,12,"8",72,142,6,1
1857,12,"8",72,142,6,8
1858,7,"7",3,34,5,6
1859,7,"8",3,361,4,6
1860,6,"8",3,36,4,1
1861,6,"8",3,36,4,13
1862,6,"8",3,37,8,1
1863,6,"8",3,37,8,12
1864,11,"7",75,5,2,1
1865,11,"7",75,17,13,7
1866,11,"7",75,11,8,9
1867,11,"7",75,10,1,6
1868,11,"7",75,16,5,1
1869,25,"5",40,224,35,6
1870,25,"5",40,275,30,16
1871,25,"6",77,275,30,3
1872,31,"5",68,284,51,16
1873,31,"5",68,232,30,2
1874,31,"5",68,282,25,6
1875,31,"5",68,320,29,5
1876,30,"4",60,310,39,7
1877,30,"4",60,235,48,3
1878,30,"4",60,238,30,16
1879,10,"8",76,9,8,10
1880,10,"8",76,3,3,7
1881,10,"8",76,3,3,14
1882,10,"8",76,1,1,3
1883,10,"8",76,1,1,2
1884,9,"5",3,40,10,3
1885,9,"5",3,164,41,14
1886,9,"5",3,324,24,3
1887,9,"5",3,87,9,14
1888,8,"6",3,168,13,2
1889,8,"6",3,91,4,10
1890,8,"6",3,60,7,2
1891,8,"6",3,41,5,10
1892,8,"6",3,92,9,2
1893,24,"7",77,169,30,1
1894,24,"7",77,291,29,17
1895,24,"7",77,225,16,3
1896,24,"7",77,289,34,14
1897,20,"7",73,42,13,16
1899,23,"6",11,249,36,3
1900,23,"6",11,176,30,13
1901,23,"6",11,175,35,3
1902,23,"6",11,316,26,8
1903,23,"7",73,316,26,9
1904,22,"8",78,297,42,7
1905,22,"8",78,180,28,10
1906,22,"8",78,178,13,7
1907,22,"8",78,252,26,3
1908,21,"5",36,367,35,9
1909,21,"5",36,368,5,1
1910,21,"5",36,269,42,3
1911,21,"5",36,369,25,14
1912,5,"8",3,22,5,6
1913,5,"8",3,102,4,7
1914,5,"8",3,102,4,4
1915,19,"7",79,103,30,3
1916,19,"7",79,262,5,14
1917,19,"7",79,48,8,7
1918,19,"7",79,191,34,10
1919,4,"8",3,23,8,2
1920,4,"8",3,25,15,5
1921,4,"8",3,25,15,12
1922,3,"9",3,39,10,4
1923,3,"9",3,55,8,5
1924,3,"9",3,55,8,4
1925,3,"9",3,24,4,9
1926,3,"9",3,24,4,2
1932,18,"9",81,196,13,7
1933,13,"8",72,199,10,5
1934,13,"8",72,199,10,10
1935,13,"9",82,127,1,14
1936,17,"8",80,128,7,7
1937,17,"8",80,65,16,6
1938,17,"8",80,132,26,16
1939,17,"8",80,205,34,20
1940,16,"7",11,208,16,2
1941,16,"7",11,207,26,14
1943,14,"7",39,210,1,3
1944,14,"7",39,211,8,7
1945,14,"7",39,139,6,3
1946,14,"7",39,137,16,7
1947,14,"7",39,67,5,14
1948,12,"8",72,213,10,7
1949,12,"8",72,213,10,4
1950,12,"8",72,194,1,3
1951,7,"8",3,361,4,12
1952,7,"8",3,34,5,1
1953,7,"8",3,34,5,12
1954,7,"8",3,33,8,9
1955,7,"8",3,33,8,14
1956,6,"9",82,36,4,6
1957,11,"8",72,12,9,7
1958,25,"6",77,158,34,14
1959,25,"6",77,225,16,13
1960,25,"6",77,277,26,14
1961,31,"5",68,233,47,4
1962,30,"4",60,234,25,3
1963,30,"4",60,313,42,14
1964,30,"4",60,312,35,14
1965,30,"4",60,236,26,16
1966,30,"4",60,285,29,7
1967,10,"8",76,2,2,5
1968,10,"8",76,2,2,4
1969,10,"8",76,6,5,6
1970,10,"8",76,6,5,14
1971,10,"9",82,1,1,7
1972,9,"5",3,89,15,3
1973,9,"5",3,163,6,3
1974,9,"5",3,323,13,3
1975,9,"5",3,330,3,14
1976,8,"6",3,93,8,10
1977,8,"6",3,94,14,2
1978,8,"7",3,60,7,3
1979,24,"7",77,242,35,8
1980,24,"7",77,95,26,3
1985,23,"7",73,315,8,2
1986,23,"7",73,99,5,17
1987,23,"7",73,175,35,10
1988,23,"7",73,176,30,1
1989,22,"8",78,251,35,10
1990,22,"9",82,178,13,13
1991,21,"6",61,184,34,16
1992,5,"8",3,45,20,2
1993,5,"8",3,45,20,10
1994,5,"8",3,186,14,14
1995,19,"7",79,104,26,7
1996,19,"7",79,303,25,2
1997,19,"7",79,190,13,14
1998,19,"8",83,103,30,16
1999,4,"8",3,50,10,6
2000,4,"8",3,50,10,12
2001,4,"8",3,107,1,5
2002,4,"8",3,107,1,10
2003,3,"10",3,55,8,13
2005,15,"8",84,56,5,7
2006,18,"9",81,196,13,16
2007,18,"9",81,304,42,6
2008,18,"9",81,304,42,13
2009,18,"9",81,263,5,9
2010,18,"9",81,263,5,16
2011,13,"9",82,127,1,3
2012,13,"9",82,199,10,14
2013,13,"9",82,199,10,3
2014,17,"8",80,130,8,1
2015,17,"8",80,131,5,2
2022,14,"7",39,273,15,7
2024,12,"8",72,194,1,8
2025,12,"9",82,213,10,3
2026,7,"8",3,76,9,6
2027,7,"8",3,76,9,13
2028,7,"8",3,146,15,1
2029,7,"8",3,146,15,10
2030,7,"9",3,34,5,10
2031,6,"9",82,36,4,14
2032,6,"9",82,148,7,9
2033,6,"9",82,148,7,2
2034,11,"8",72,12,9,10
2035,11,"8",72,16,5,9
2036,11,"8",72,16,5,2
2037,11,"8",72,5,2,5
2038,11,"8",72,5,2,4
2039,25,"6",77,84,8,10
2040,25,"6",77,274,25,16
2041,25,"6",77,226,1,9
2042,31,"5",68,232,30,16
2043,31,"5",68,284,51,7
2044,31,"5",68,305,36,4
2045,31,"5",68,321,13,10
2046,31,"5",68,280,38,7
2047,30,"4",60,287,38,14
2048,30,"5",85,236,26,6
2049,10,"9",82,1,1,14
2050,10,"9",82,6,5,3
2051,10,"9",82,6,5,4
2052,10,"9",82,9,8,5
2053,10,"9",82,9,8,13
2054,9,"5",3,370,1,3
2055,9,"6",3,324,24,23
2056,8,"7",3,91,4,5
2057,8,"7",3,41,5,2
2058,8,"7",3,94,14,13
2059,8,"7",3,167,6,5
2067,20,"8",86,245,42,1
2068,23,"7",73,295,29,6
2069,23,"7",73,249,36,13
2070,23,"7",73,174,42,23
2071,23,"8",79,295,29,4
2072,22,"9",82,178,13,3
2073,22,"9",82,297,42,3
2074,22,"9",82,297,42,11
2075,22,"9",82,251,35,14
2076,21,"6",61,254,27,16
2077,21,"6",61,257,13,4
2078,21,"6",61,300,5,2
2079,21,"6",61,255,3,16
2080,21,"6",61,256,25,2
2081,5,"8",3,186,14,9
2082,5,"8",3,46,1,1
2083,5,"8",3,46,1,12
2084,5,"9",3,45,20,9
2085,19,"8",83,191,34,6
2086,19,"8",83,104,26,11
2087,19,"8",83,260,16,14
2088,19,"8",83,190,13,11
2089,19,"8",83,303,25,4
2090,4,"8",3,192,14,1
2091,4,"8",3,192,14,14
2092,4,"9",3,192,14,9
2093,3,"10",3,55,8,12
2094,3,"10",3,55,8,18
2095,3,"10",3,39,10,13
2096,3,"10",3,39,10,14
2097,15,"8",84,56,5,13
2098,15,"8",84,116,10,1
2099,15,"8",84,116,10,10
2100,15,"8",84,194,1,7
2101,18,"9",81,120,16,4
2102,18,"9",81,120,16,2
2103,18,"9",81,195,1,10
2104,13,"9",82,62,8,13
2105,13,"9",82,62,8,3
2106,13,"9",82,200,5,13
2107,13,"9",82,200,5,3
2113,16,"8",87,207,26,6
2115,14,"8",88,137,16,1
2116,12,"9",82,213,10,8
2117,12,"9",82,194,1,7
2118,12,"9",82,194,1,14
2119,12,"9",82,30,13,3
2120,7,"9",3,34,5,8
2121,7,"9",3,20,14,14
2122,7,"9",3,20,14,8
2123,7,"9",3,146,15,12
2124,7,"9",3,146,15,23
2125,6,"9",82,37,8,7
2126,6,"9",82,37,8,13
2127,6,"9",82,150,13,1
2128,6,"9",82,150,13,10
2129,11,"8",72,17,13,3
2130,11,"8",72,17,13,13
2131,11,"8",72,10,1,5
2132,11,"8",72,10,1,4
2133,11,"9",82,10,1,14
2134,25,"6",77,224,35,2
2135,25,"6",77,278,13,3
2136,25,"7",79,277,26,7
2137,31,"5",68,307,53,1
2138,31,"5",68,306,34,10
2139,31,"5",68,308,48,4
2140,30,"5",85,238,30,7
2141,30,"5",85,235,48,7
2142,30,"5",85,234,25,10
2143,30,"5",85,287,38,7
2144,30,"5",85,285,29,17
2145,10,"9",82,2,2,6
2146,10,"9",82,2,2,14
2147,10,"10",33,1,1,13
2148,9,"6",3,323,13,5
2149,9,"6",3,87,9,23
2150,9,"6",3,40,10,5
2151,9,"6",3,164,41,5
2152,9,"6",3,330,3,23
2153,8,"7",3,168,13,4
2154,8,"7",3,93,8,7
2155,8,"8",3,93,8,25
2156,24,"8",89,289,34,10
2157,20,"8",86,245,42,8
2158,20,"8",86,83,25,11
2159,20,"8",86,83,25,14
2160,20,"8",86,97,27,7
2161,20,"8",86,97,27,16
2162,23,"8",79,316,26,7
2163,23,"8",79,99,5,3
2164,23,"8",79,175,35,9
2165,22,"9",82,251,35,17
2166,22,"9",82,296,16,10
2167,22,"9",82,296,16,3
2168,22,"9",82,252,26,14
2169,21,"6",61,318,42,13
2170,21,"6",61,302,35,10
2171,21,"6",61,182,26,16
2172,21,"7",79,318,42,3
2173,5,"9",3,45,20,12
2174,5,"9",3,46,1,7
2175,5,"9",3,46,1,14
2176,5,"9",3,22,5,1
2177,5,"9",3,22,5,4
2178,19,"8",83,262,5,8
2180,4,"9",3,192,14,4
2181,4,"9",3,23,8,1
2182,4,"9",3,23,8,10
2183,4,"9",3,107,1,9
2184,4,"9",3,107,1,4
2185,3,"10",3,39,10,18
2186,15,"8",84,194,1,14
2187,15,"8",84,119,26,7
2188,15,"8",84,119,26,10
2189,18,"9",81,195,1,7
2190,18,"10",33,120,16,1
2194,13,"10",33,200,5,4
2196,17,"9",87,131,5,9
2197,16,"8",87,207,26,8
2198,16,"8",87,208,16,1
2199,16,"8",87,208,16,16
2200,16,"8",87,270,10,7
2201,16,"8",87,270,10,14
2202,14,"8",88,137,16,10
2203,14,"8",88,67,5,7
2204,14,"8",88,67,5,13
2205,14,"8",88,210,1,6
2206,12,"9",82,30,13,2
2207,12,"9",82,74,15,3
2208,12,"9",82,74,15,8
2210,7,"9",3,76,9,12
2211,7,"9",3,76,9,23
2212,7,"10",3,34,5,13
2213,6,"10",33,150,13,4
2214,11,"9",82,10,1,3
2215,11,"9",82,16,5,4
2216,11,"9",82,16,5,5
2217,25,"7",79,224,35,14
2218,25,"7",79,275,30,10
2219,25,"7",79,226,1,14
2220,25,"7",79,84,8,1
2221,25,"7",79,278,13,14
2222,31,"5",68,160,39,11
2223,31,"5",68,282,25,13
2225,30,"5",85,237,34,6
2226,30,"5",85,310,39,2
2227,30,"5",85,322,45,6
2228,30,"5",85,161,36,9
2229,30,"5",85,286,8,9
2230,10,"10",33,1,1,18
2232,10,"10",33,2,2,7
2233,10,"10",33,2,2,18
2234,9,"6",3,163,6,23
2235,9,"6",3,329,5,5
2236,9,"6",3,89,15,23
2238,8,"8",3,41,5,14
2239,8,"8",3,94,14,4
2240,8,"8",3,168,13,13
2241,24,"8",89,289,34,3
2242,24,"8",89,95,26,11
2243,24,"8",89,95,26,10
2244,24,"8",89,170,42,3
2245,20,"8",86,96,15,11
2246,20,"8",86,96,15,13
2247,20,"8",86,362,29,14
2248,20,"8",86,362,29,10
2249,23,"8",79,315,8,1
2250,23,"8",79,249,36,16
2251,23,"8",79,371,45,7
2253,22,"9",82,252,26,9
2254,22,"10",33,252,26,11
2255,21,"7",79,184,34,5
2256,21,"7",79,257,13,14
2257,21,"7",79,182,26,6
2258,21,"7",79,254,27,14
2259,5,"9",3,186,14,6
2260,5,"9",3,186,14,4
2261,5,"10",3,46,1,4
2266,4,"9",3,25,15,6
2267,4,"9",3,25,15,10
2268,4,"10",3,107,1,14
2269,15,"8",84,117,16,9
2270,15,"8",84,117,16,8
2271,15,"8",84,55,8,7
2272,15,"8",84,55,8,8
2273,15,"8",84,60,7,9
2274,18,"10",33,120,16,18
2275,18,"10",33,195,1,3
2276,18,"10",33,195,1,18
2277,13,"10",33,200,5,18
2278,13,"10",33,62,8,5
2279,13,"10",33,62,8,18
2280,13,"10",33,199,10,4
2281,13,"10",33,199,10,18
2282,17,"9",87,131,5,8
2283,17,"9",87,128,7,1
2284,17,"9",87,128,7,10
2285,17,"9",87,129,10,5
2286,16,"8",87,134,15,6
2287,16,"8",87,134,15,10
2288,16,"8",87,66,5,7
2289,16,"8",87,66,5,14
2290,16,"8",87,209,13,3
2291,14,"8",88,210,1,13
2292,14,"8",88,271,13,7
2293,14,"8",88,271,13,4
2298,7,"10",3,76,9,13
2299,7,"10",3,146,15,13
2300,7,"10",3,34,5,18
2301,7,"10",3,76,9,18
2302,7,"10",3,146,15,18
2303,6,"10",33,150,13,18
2304,6,"10",33,36,4,4
2305,6,"10",33,36,4,18
2306,6,"10",33,37,8,4
2307,11,"9",82,17,13,14
2308,11,"9",82,17,13,5
2309,11,"9",82,12,9,13
2310,11,"9",82,12,9,3
2311,11,"10",33,12,9,6
2312,25,"7",79,274,25,11
2317,30,"6",90,234,25,14
2319,10,"10",33,6,5,2
2320,10,"10",33,6,5,18
2321,29,"1",4,372,8,10
2326,8,"8",3,60,7,10
2327,8,"8",3,167,6,8
2328,8,"9",3,168,13,9
2329,24,"8",89,170,42,16
2330,24,"8",89,291,29,6
2331,24,"8",89,291,29,14
2332,24,"8",89,242,35,5
2333,24,"8",89,242,35,14
2334,20,"8",86,292,26,2
2335,20,"8",86,292,26,14
2336,20,"9",82,292,26,7
2342,22,"10",33,252,26,18
2343,22,"10",33,296,16,9
2344,22,"10",33,296,16,18
2345,22,"10",33,178,13,8
2346,21,"7",79,300,5,3
2347,21,"7",79,302,35,7
2348,21,"7",79,256,25,14
2349,21,"8",70,256,25,8
2350,5,"10",3,46,1,18
2351,5,"10",3,45,20,13
2352,5,"10",3,45,20,18
2353,5,"10",3,186,14,10
2354,5,"10",3,186,14,18
2356,19,"9",86,303,25,6
2357,4,"10",3,107,1,18
2358,4,"10",3,107,1,12
2359,4,"10",3,192,14,2
2360,4,"10",3,192,14,18
2361,15,"8",84,60,7,14
2362,15,"9",82,60,7,29
2363,18,"10",33,196,13,9
2364,18,"10",33,196,13,18
2365,18,"10",33,263,5,8
2367,17,"9",87,129,10,16
2368,17,"9",87,130,8,7
2369,17,"9",87,130,8,13
2370,17,"9",87,205,34,17
2371,16,"8",87,209,13,10
2372,16,"9",82,66,5,3
2373,14,"8",88,139,6,6
2374,14,"8",88,139,6,14
2375,14,"8",88,211,8,6
2376,14,"8",88,211,8,14
2377,14,"9",82,211,8,1
2379,12,"10",33,30,13,13
2380,7,"10",3,146,15,29
2381,6,"10",33,37,8,18
2382,6,"10",33,150,13,10
2383,11,"10",33,12,9,18
2384,11,"10",33,17,13,10
2385,11,"10",33,17,13,18
2386,11,"10",33,16,5,14
2387,25,"7",79,158,34,17
2388,25,"8",89,84,8,17
2392,30,"6",90,310,39,3
2393,30,"6",90,322,45,16
2394,30,"6",90,286,8,4
2395,30,"6",90,237,34,11
2396,30,"6",90,236,26,14
2398,10,"10",33,6,5,10
2399,29,"1",4,373,36,1
2400,29,"1",4,374,16,6
2401,29,"1",4,375,28,4
2402,29,"1",4,376,39,8
2403,29,"1",4,377,42,9
2409,8,"9",3,168,13,14
2410,8,"9",3,167,6,3
2411,8,"9",3,167,6,2
2412,8,"9",3,41,5,5
2413,8,"9",3,41,5,8
2414,24,"9",82,95,26,7
2416,20,"9",82,245,42,7
2418,20,"9",82,97,27,11
2419,23,"9",91,99,5,13
2420,22,"10",33,178,13,18
2421,22,"10",33,252,26,3
2422,21,"8",70,302,35,11
2423,21,"8",70,254,27,7
2424,21,"8",70,257,13,3
2425,21,"8",70,318,42,11
2426,5,"10",3,46,1,12
2427,19,"9",86,303,25,14
2428,19,"9",86,260,16,7
2429,19,"9",86,260,16,13
2430,19,"9",86,103,30,13
2431,19,"9",86,103,30,14
2432,4,"10",3,192,14,14
2433,4,"10",3,25,15,4
2434,4,"10",3,25,15,18
2435,4,"10",3,25,15,1
2436,15,"9",82,60,7,3
2437,15,"9",82,56,5,33
2438,15,"9",82,56,5,3
2439,15,"9",82,116,10,16
2440,15,"9",82,116,10,2
2441,18,"10",33,263,5,18
2442,18,"10",33,263,5,3
2446,13,"10",33,199,10,13
2447,17,"9",87,205,34,8
2448,17,"9",87,132,26,7
2449,17,"9",87,132,26,8
2450,17,"10",92,128,7,14
2451,16,"9",82,66,5,27
2452,14,"9",82,211,8,13
2453,14,"9",82,271,13,9
2454,14,"9",82,271,13,8
2455,14,"9",82,137,16,5
2456,12,"10",33,30,13,18
2457,12,"10",33,194,1,13
2458,12,"10",33,194,1,18
2459,12,"10",33,74,15,9
2460,7,"10",3,76,9,23
2461,7,"10",3,34,5,7
2462,6,"10",33,36,4,9
2463,11,"10",33,16,5,18
2464,11,"10",33,12,9,1
2465,25,"8",89,84,8,2
2466,25,"8",89,158,34,5
2467,25,"8",89,158,34,4
2468,25,"8",89,277,26,3
2469,25,"8",89,277,26,10
2473,31,"6",93,305,36,1
2474,30,"6",90,238,30,10
2475,30,"6",90,235,48,11
2476,30,"6",90,285,29,1
2477,30,"6",90,287,38,3
2478,10,"10",33,2,2,9
2479,29,"1",4,378,38,1
2480,29,"1",4,379,30,4
2481,29,"1",4,380,45,6
2482,29,"1",4,381,47,4
2483,29,"1",4,382,29,4
2485,9,"7",3,164,41,6
2486,8,"9",3,93,8,6
2487,8,"9",3,93,8,2
2488,8,"9",3,60,7,7
2489,8,"9",3,60,7,13
2490,8,"10",3,60,7,9
2491,24,"9",82,95,26,16
2492,24,"9",82,242,35,6
2493,24,"9",82,242,35,1
2494,24,"9",82,291,29,10
2496,20,"9",82,362,29,9
2498,20,"10",33,245,42,3
2499,23,"9",91,175,35,5
2500,23,"9",91,371,45,16
2501,23,"9",91,295,29,17
2502,23,"9",91,249,36,5
2503,22,"10",33,296,16,4
2504,22,"10",33,178,13,10
2505,21,"8",70,300,5,6
2506,21,"8",70,182,26,14
2508,5,"10",3,186,14,9
2509,19,"9",86,262,5,7
2510,19,"9",86,262,5,3
2511,19,"9",86,190,13,10
2512,15,"9",82,55,8,25
2513,15,"9",82,55,8,1
2514,15,"9",82,119,26,27
2515,15,"9",82,119,26,2
2516,18,"10",33,196,13,13
2517,18,"10",33,195,1,6
2518,13,"10",33,62,8,13
2519,17,"10",92,128,7,3
2520,17,"10",92,129,10,1
2521,17,"10",92,129,10,2
2522,16,"9",82,134,15,13
2523,16,"9",82,134,15,17
2524,16,"9",82,209,13,2
2525,16,"9",82,209,13,34
2526,14,"9",82,137,16,13
2527,14,"9",82,67,5,3
2528,14,"9",82,67,5,10
2529,14,"10",33,211,8,4
2530,12,"10",33,74,15,18
2531,12,"10",33,30,13,7
2532,11,"10",33,17,13,1
2533,11,"10",33,16,5,7
2534,11,"10",33,12,9,4
2535,11,"10",33,16,5,4
2536,11,"10",33,17,13,4
2537,25,"8",89,278,13,13
2538,25,"8",89,278,13,16
2539,25,"8",89,274,25,7
2540,31,"6",93,306,34,6
2541,31,"6",93,307,53,2
2542,31,"6",93,284,51,4
2543,31,"6",93,160,39,6
2544,31,"6",93,321,13,6
2545,30,"7",94,287,38,10
2546,29,"1",4,383,34,8
2547,29,"1",4,384,26,6
2548,29,"1",4,385,48,8
2549,9,"7",3,89,15,9
2550,9,"7",3,386,2,13
2551,9,"7",3,324,24,6
2552,9,"7",3,40,10,10
2553,9,"7",3,330,3,8
2554,8,"10",3,60,7,4
2555,8,"10",3,93,8,5
2556,8,"10",3,93,8,8
2557,8,"10",3,168,13,3
2558,24,"9",82,291,29,2
2559,24,"9",82,289,34,2
2560,24,"9",82,289,34,9
2561,24,"10",33,242,35,7
2562,20,"10",33,245,42,18
2563,20,"10",33,97,27,14
2564,20,"10",33,97,27,18
2565,20,"10",33,292,26,6
2566,23,"9",91,316,26,3
2567,23,"10",82,174,42,3
2572,19,"9",86,190,13,6
2573,19,"9",86,104,26,9
2574,19,"9",86,104,26,8
2575,19,"10",92,190,13,9
2576,15,"10",33,119,26,14
2577,17,"10",92,130,8,16
2578,17,"10",92,130,8,3
2579,17,"10",92,205,34,4
2580,17,"10",92,205,34,3
2581,16,"9",82,270,10,3
2582,16,"9",82,270,10,25
2583,16,"9",82,207,26,9
2584,16,"9",82,207,26,24
2585,14,"10",33,211,8,18
2586,14,"10",33,271,13,14
2587,14,"10",33,271,13,18
2588,14,"10",33,137,16,3
2589,14,"10",33,137,16,18
2590,12,"10",33,194,1,4
2591,12,"10",33,74,15,13
2592,25,"8",89,274,25,10
2593,25,"8",89,224,35,9
2594,25,"8",89,224,35,8
2595,31,"6",93,232,30,13
2596,31,"6",93,282,25,9
2597,31,"6",93,280,38,8
2598,31,"6",93,233,47,6
2599,30,"7",94,236,26,9
2600,30,"7",94,235,48,14
2601,30,"7",94,237,34,7
2602,29,"1",4,387,50,14
2603,29,"2",9,380,45,4
2604,9,"7",3,329,5,2
2606,8,"10",3,168,13,10
2607,8,"10",3,167,6,7
2608,8,"10",3,167,6,13
2609,8,"11",33,168,13,14
2610,24,"10",33,242,35,18
2611,24,"10",33,95,26,9
2612,24,"10",33,95,26,18
2613,20,"10",33,292,26,18
2614,20,"10",33,245,42,3
2615,23,"10",82,174,42,10
2616,23,"10",82,295,29,2
2617,23,"10",82,295,29,1
2618,23,"10",82,249,36,9
2619,23,"10",82,249,36,14
2621,21,"9",91,302,35,8
2622,19,"10",92,190,13,3
2623,19,"10",92,260,16,16
2624,19,"10",92,260,16,2
2625,19,"10",92,262,5,13
2626,19,"10",92,262,5,11
2627,15,"10",33,119,26,18
2628,15,"10",33,60,7,13
2629,15,"10",33,60,7,18
2630,15,"10",33,56,5,9
2631,17,"10",92,131,5,16
2632,17,"10",92,131,5,7
2633,17,"11",33,205,34,7
2634,16,"10",33,270,10,10
2635,14,"10",33,211,8,8
2636,25,"9",82,158,34,1
2638,30,"7",94,234,25,6
2639,30,"7",94,322,45,1
2640,30,"7",94,285,29,14
2641,30,"7",94,286,8,6
2642,29,"2",9,378,38,13
2643,29,"2",9,381,47,1
2644,29,"2",9,382,29,6
2645,29,"2",9,384,26,10
2647,9,"8",3,324,24,9
2648,8,"11",33,60,7,14
2649,8,"11",33,93,8,14
2650,8,"11",33,168,13,18
2651,8,"11",33,60,7,18
2652,8,"11",33,93,8,18
2653,24,"10",33,289,34,7
2654,24,"10",33,289,34,18
2655,24,"10",33,242,35,6
2656,20,"10",33,97,27,8
2657,20,"10",33,292,26,6
2658,23,"10",82,175,35,1
2659,23,"10",82,175,35,8
2660,23,"10",82,316,26,6
2661,23,"10",82,316,26,13
2662,23,"11",33,175,35,7
2663,21,"9",91,257,13,11
2664,21,"9",91,256,25,3
2665,21,"9",91,300,5,7
2666,19,"10",92,104,26,14
2667,19,"10",92,104,26,3
2668,19,"10",92,303,25,3
2669,19,"10",92,303,25,11
2670,19,"11",33,262,5,10
2671,15,"10",33,56,5,18
2672,15,"10",33,119,26,10
2673,17,"11",33,205,34,18
2674,17,"11",33,129,10,9
2675,17,"11",33,129,10,18
2676,16,"10",33,270,10,18
2677,16,"10",33,209,13,13
2678,16,"10",33,209,13,18
2679,16,"10",33,66,5,9
2680,16,"10",33,66,5,18
2681,14,"10",33,271,13,10
2682,14,"10",33,137,16,4
2683,25,"9",82,158,34,16
2684,25,"9",82,277,26,11
2685,25,"9",82,277,26,17
2686,25,"9",82,224,35,3
2691,30,"7",94,238,30,6
2695,29,"2",9,372,8,6
2696,29,"2",9,375,28,6
2697,29,"2",9,385,48,4
2698,29,"2",9,373,36,2
2699,29,"2",9,383,34,4
2700,9,"8",3,324,24,13
2701,9,"8",3,40,10,6
2702,9,"8",3,40,10,13
2703,8,"11",33,168,13,4
2704,24,"10",33,95,26,3
2705,24,"10",33,289,34,4
2706,23,"11",33,175,35,18
2707,23,"11",33,249,36,1
2708,23,"11",33,249,36,18
2709,23,"11",33,316,26,14
2710,21,"9",91,182,26,11
2711,21,"9",91,318,42,9
2712,21,"10",82,300,5,8
2713,19,"11",33,262,5,18
2714,19,"11",33,190,13,13
2715,19,"11",33,190,13,18
2716,19,"11",33,104,26,13
2717,19,"11",33,104,26,18
2718,15,"10",33,60,7,13
2719,15,"10",33,56,5,4
2720,17,"11",33,130,8,10
2721,17,"11",33,130,8,18
2722,17,"11",33,131,5,17
2723,17,"11",33,131,5,18
2724,16,"10",33,207,26,13
2725,16,"10",33,207,26,18
2728,25,"9",82,224,35,10
2729,25,"9",82,278,13,11
2730,25,"9",82,278,13,1
2731,25,"9",82,274,25,8
2732,25,"9",82,274,25,14
2741,29,"2",9,377,42,6
2742,29,"2",9,376,39,4
2743,29,"2",9,387,50,7
2744,29,"2",9,374,16,14
2745,9,"8",3,329,5,9
2746,9,"8",3,329,5,14
2747,9,"8",3,330,3,6
2748,8,"11",33,60,7,13
2749,8,"11",33,93,8,3
2750,23,"11",33,316,26,18
2751,23,"11",33,174,42,6
2752,23,"11",33,174,42,18
2753,23,"11",33,174,42,7
2754,21,"10",82,300,5,16
2755,21,"10",82,302,35,5
2756,21,"10",82,302,35,3
2757,21,"10",82,256,25,11
2758,19,"11",33,303,25,10
2759,19,"11",33,303,25,18
2760,19,"11",33,190,13,13
2766,16,"10",33,270,10,8
2767,25,"10",33,158,34,14
2770,30,"8",95,237,34,4
2771,29,"2",9,379,30,6
2772,29,"3",40,378,38,10
2773,9,"8",3,330,3,10
2774,9,"8",3,89,15,7
2775,9,"8",3,89,15,14
2776,9,"9",3,89,15,1
2777,23,"11",33,175,35,10
2778,23,"11",33,316,26,6
2779,21,"10",82,256,25,17
2780,21,"10",82,318,42,1
2781,21,"10",82,318,42,8
2782,19,"11",33,104,26,6
2783,19,"11",33,303,25,4
2784,28,"1",4,388,38,4
2786,17,"11",33,129,10,4
2787,16,"10",33,66,5,10
2788,16,"10",33,207,26,10
2789,25,"10",33,158,34,18
2790,25,"10",33,274,25,6
2791,25,"10",33,274,25,18
2792,30,"8",95,285,29,13
2793,30,"8",95,238,30,14
2794,30,"8",95,236,26,3
2795,30,"8",95,286,8,14
2796,30,"8",95,287,38,16
2797,29,"3",40,384,26,7
2798,29,"3",40,382,29,17
2799,29,"3",40,372,8,9
2800,9,"9",3,89,15,13
2801,9,"9",3,89,15,23
2802,9,"9",3,329,5,7
2803,9,"9",3,329,5,4
2805,28,"1",4,389,25,1
2806,28,"1",4,390,50,4
2807,28,"1",4,391,16,6
2808,28,"1",4,392,36,4
2809,17,"11",33,130,8,14
2810,17,"11",33,131,5,13
2811,25,"10",33,224,35,17
2812,25,"10",33,224,35,18
2813,25,"10",33,278,13,9
2814,25,"10",33,278,13,18
2815,30,"8",95,235,48,4
2816,30,"8",95,322,45,8
2818,29,"3",40,375,28,9
2819,29,"3",40,376,39,7
2820,29,"3",40,385,48,6
2821,29,"3",40,387,50,13
2822,29,"3",40,379,30,2
2823,9,"9",3,329,5,8
2824,9,"9",3,330,3,2
2825,9,"9",3,330,3,9
2829,21,"11",33,256,25,6
2830,28,"1",4,393,26,6
2831,28,"1",4,394,45,8
2832,28,"1",4,395,8,8
2833,28,"1",4,396,39,6
2834,28,"1",4,397,29,4
2835,25,"10",33,278,13,10
2841,29,"3",40,374,16,9
2842,29,"3",40,380,45,3
2843,29,"3",40,381,47,2
2844,29,"3",40,377,42,10
2845,9,"9",3,330,3,4
2846,9,"9",3,324,24,5
2847,9,"9",3,324,24,8
2848,9,"9",3,324,24,4
2849,21,"11",33,256,25,18
2850,21,"11",33,302,35,2
2851,21,"11",33,302,35,18
2852,21,"11",33,318,42,10
2853,21,"11",33,318,42,18
2854,28,"1",4,398,35,8
2855,28,"1",4,399,34,1
2856,28,"2",9,399,34,4
2857,27,"1",4,400,29,4
2858,25,"10",33,278,13,4
2859,25,"10",33,274,25,3
2860,25,"10",33,274,25,6
2861,25,"10",33,224,35,13
2862,25,"10",33,224,35,8
2865,30,"9",82,286,8,8
2866,29,"3",40,373,36,5
2867,29,"4",96,385,48,14
2868,9,"10",3,330,3,3
2869,21,"11",33,300,5,9
2870,21,"11",33,300,5,18
2871,21,"11",33,318,42,8
2872,28,"2",9,393,26,2
2873,28,"2",9,395,8,6
2874,28,"2",9,397,29,7
2875,28,"2",9,396,39,4
2876,27,"1",4,401,25,4
2877,27,"1",4,402,28,6
2878,27,"1",4,403,30,6
2879,27,"1",4,404,42,10
2880,30,"9",82,286,8,3
2881,30,"9",82,238,30,2
2882,30,"9",82,238,30,11
2883,29,"4",96,373,36,6
2884,29,"4",96,384,26,13
2885,29,"4",96,375,28,14
2886,29,"4",96,380,45,2
2888,9,"10",3,330,3,18
2889,9,"10",3,324,24,14
2891,21,"11",33,302,35,2
2892,21,"11",33,300,5,3
2893,28,"2",9,392,36,14
2894,28,"2",9,398,35,1
2895,28,"2",9,394,45,9
2896,28,"2",9,390,50,6
2897,27,"1",4,405,8,8
2898,27,"1",4,406,36,8
2899,30,"9",82,285,29,6
2900,30,"9",82,285,29,11
2901,30,"9",82,322,45,3
2902,30,"9",82,322,45,11
2903,29,"4",96,382,29,8
2904,29,"4",96,379,30,7
2905,29,"4",96,381,47,10
2906,29,"4",96,376,39,1
2907,9,"10",3,324,24,18
2908,9,"10",3,89,15,4
2910,28,"2",9,389,25,13
2911,28,"2",9,391,16,8
2912,28,"2",9,388,38,7
2913,28,"3",29,392,36,1
2914,27,"1",4,407,38,10
2915,27,"1",4,408,34,6
2916,27,"1",4,409,39,10
2917,27,"1",4,410,26,9
2918,30,"9",82,235,48,1
2919,30,"9",82,235,48,16
2920,30,"9",82,287,38,1
2921,30,"9",82,287,38,11
2922,30,"10",43,287,38,7
2923,29,"4",96,374,16,2
2924,29,"4",96,377,42,4
2925,29,"4",96,378,38,6
2926,9,"10",3,89,15,18
2928,28,"3",29,388,38,2
2929,28,"3",29,394,45,10
2930,28,"3",29,397,29,2
2931,28,"3",29,399,34,2
2932,27,"1",4,411,45,9
2933,27,"1",4,412,35,4
2934,27,"1",4,400,29,4
2935,30,"10",43,287,38,18
2936,30,"10",43,286,8,14
2937,30,"10",43,286,8,18
2938,30,"10",43,322,45,1
2939,29,"4",96,372,8,4
2940,29,"5",97,382,29,16
2943,28,"3",29,390,50,9
2944,28,"3",29,391,16,4
2945,28,"3",29,393,26,1
2946,27,"1",4,403,30,6
2947,27,"1",4,406,36,8
2948,27,"1",4,407,38,10
2949,27,"1",4,410,26,9
2950,30,"10",43,322,45,18
2951,30,"10",43,235,48,4
2952,30,"10",43,235,48,18
2953,29,"5",97,377,42,1
2954,29,"5",97,373,36,4
2955,29,"5",97,376,39,16
2956,29,"5",97,384,26,1
2957,28,"3",29,389,25,2
2958,28,"3",29,398,35,4
2959,28,"4",98,398,35,14
2960,27,"2",99,412,35,6
2961,29,"5",97,372,8,5
2962,29,"5",97,378,38,16
2963,28,"4",98,397,29,10
2964,28,"4",98,389,25,4
2965,28,"4",98,390,50,3
2966,28,"4",98,399,34,9
2967,27,"2",99,403,30,4
2968,27,"2",99,408,34,17
2969,27,"2",99,410,26,4
2970,27,"2",99,407,38,3
2971,29,"5",97,374,16,1
2972,29,"5",97,379,30,1
2973,29,"5",97,385,48,13
2974,29,"5",97,381,47,11
2975,28,"4",98,388,38,14
2976,28,"4",98,391,16,7
2977,28,"4",98,393,26,4
2978,28,"4",98,392,36,6
2979,27,"2",99,411,45,6
2980,27,"2",99,409,39,3
2981,27,"2",99,401,25,17
2982,29,"5",97,380,45,9
2983,29,"6",10,381,47,8
2984,28,"4",98,394,45,1
2985,28,"5",40,393,26,7
2986,27,"2",99,400,29,5
2987,27,"2",99,405,8,9
2988,27,"2",99,402,28,13
2989,29,"6",10,380,45,16
2990,29,"6",10,384,26,2
2991,29,"6",10,378,38,4
2992,29,"6",10,374,16,4
2993,28,"5",40,394,45,13
2994,28,"5",40,390,50,16
2995,28,"5",40,398,35,9
2996,28,"5",40,397,29,11
2997,27,"2",99,404,42,6
2998,27,"2",99,405,8,6
2999,29,"6",10,385,48,7
3000,29,"6",10,376,39,2
3001,29,"6",10,372,8,13
3002,29,"6",10,373,36,11
3003,28,"5",40,392,36,13
3004,28,"5",40,389,25,16
3005,28,"5",40,388,38,6
3006,28,"5",40,399,34,14
3007,27,"2",99,401,25,1
3008,27,"2",99,403,30,9
3009,27,"2",99,407,38,8
3010,27,"2",99,408,34,10
3011,29,"6",10,379,30,13
3012,29,"6",10,382,29,7
3013,29,"7",100,376,39,14
3014,28,"6",66,397,29,9
3015,27,"2",99,412,35,9
3016,27,"2",99,411,45,16
3017,27,"2",99,402,28,10
3018,29,"7",100,381,47,7
3019,29,"7",100,373,36,14
3020,29,"7",100,384,26,16
3021,29,"7",100,372,8,1
3022,28,"6",66,390,50,7
3023,28,"6",66,389,25,9
3024,28,"6",66,394,45,11
3025,27,"2",99,404,42,9
3026,27,"2",99,410,26,14
3027,27,"2",99,409,39,4
3028,27,"2",99,400,29,13
3029,27,"3",24,400,29,7
3030,29,"7",100,385,48,3
3031,29,"7",100,382,29,1
3032,29,"7",100,380,45,14
3033,29,"7",100,378,38,3
3034,28,"6",66,388,38,13
3035,28,"6",66,393,26,10
3036,28,"6",66,398,35,7
3037,28,"6",66,399,34,13
3038,28,"6",66,392,36,11
3039,27,"3",24,401,25,10
3040,27,"3",24,410,26,2
3041,27,"3",24,407,38,11
3042,27,"3",24,402,28,7
3043,29,"7",100,379,30,14
3044,29,"8",101,379,30,10
3045,28,"7",79,389,25,10
3046,27,"3",24,411,45,7
3047,27,"3",24,405,8,13
3048,27,"3",24,408,34,5
3049,27,"3",24,404,42,11
3050,27,"3",24,409,39,2
3051,29,"8",101,380,45,7
3052,29,"8",101,382,29,13
3053,29,"8",101,385,48,2
3054,28,"7",79,399,34,7
3055,28,"7",79,397,29,1
3056,28,"7",79,388,38,16
3057,28,"7",79,394,45,14
3058,27,"3",24,412,35,3
3059,27,"4",87,405,8,4
3060,29,"8",101,373,36,7
3061,29,"8",101,378,38,8
3062,29,"8",101,381,47,6
3063,28,"7",79,392,36,3
3064,28,"7",79,398,35,10
3065,28,"7",79,390,50,2
3066,28,"8",102,413,45,16
3067,27,"4",87,409,39,1
3068,27,"4",87,408,34,3
3069,27,"4",87,402,28,8
3070,29,"8",101,372,8,2
3074,28,"8",102,392,36,10
3075,28,"8",102,389,25,8
3076,28,"8",102,397,29,14
3077,28,"8",102,388,38,9
3078,27,"4",87,412,35,14
3079,27,"4",87,400,29,17
3080,27,"4",87,401,25,8
3086,28,"8",102,390,50,10
3087,28,"8",102,399,34,11
3089,27,"4",87,411,45,8
3090,27,"4",87,407,38,1
3091,27,"4",87,404,42,4
3092,27,"5",40,407,38,6
3093,29,"9",70,382,29,2
3097,27,"5",40,405,8,7
3098,27,"5",40,412,35,17
3099,27,"5",40,402,28,16
3100,27,"5",40,411,45,10
3101,27,"5",40,400,29,11
3102,29,"9",70,385,48,16
3103,29,"9",70,372,8,7
3104,29,"9",70,379,30,3
3107,28,"9",103,399,34,10
3108,27,"5",40,408,34,9
3109,27,"5",40,404,42,5
3110,27,"5",40,401,25,9
3111,27,"6",79,401,25,11
3112,29,"9",70,381,47,9
3113,29,"9",70,378,38,14
3114,29,"9",70,380,45,10
3115,28,"9",103,399,34,16
3116,28,"9",103,413,45,3
3117,28,"9",103,413,45,6
3118,28,"9",103,388,38,8
3119,27,"6",79,408,34,14
3120,27,"6",79,412,35,8
3121,27,"6",79,402,28,1
3122,27,"6",79,404,42,3
3124,28,"9",103,388,38,1
3125,28,"9",103,397,29,13
3126,28,"9",103,397,29,16
3127,28,"9",103,392,36,9
3128,27,"6",79,400,29,1
3129,27,"6",79,407,38,16
3130,27,"6",79,411,45,3
3131,27,"6",79,405,8,10
3137,28,"9",103,392,36,2
3138,28,"9",103,389,25,14
3139,28,"9",103,389,25,7
3140,28,"10",82,392,36,14
3141,27,"7",104,408,34,16
3142,29,"10",82,378,38,4
3143,28,"10",82,392,36,7
3144,28,"10",82,389,25,1
3145,28,"10",82,389,25,11
3146,28,"10",82,397,29,7
3147,28,"10",82,397,29,17
3148,27,"7",104,402,28,2
3149,27,"7",104,405,8,17
3150,27,"7",104,411,45,1
3151,29,"10",82,378,38,7
3152,29,"10",82,382,29,1
3153,29,"10",82,382,29,11
3154,29,"10",82,381,47,8
3155,29,"10",82,381,47,16
3156,28,"10",82,388,38,2
3157,28,"10",82,388,38,11
3158,28,"10",82,399,34,4
3159,28,"10",82,399,34,6
3160,27,"7",104,401,25,6
3161,27,"7",104,412,35,7
3162,27,"7",104,407,38,13
3163,27,"7",104,404,42,7
3164,27,"8",82,404,42,8
3165,29,"10",82,385,48,14
3166,29,"10",82,385,48,10
3167,29,"10",82,380,45,6
3168,29,"10",82,380,45,11
3169,28,"11",43,397,29,10
3170,27,"8",82,404,42,10
3171,27,"8",82,407,38,5
3172,27,"8",82,407,38,10
3173,27,"8",82,411,45,11
3174,27,"8",82,411,45,9
3175,29,"10",82,379,30,14
3176,29,"10",82,379,30,11
3177,29,"11",43,379,30,3
3178,28,"11",43,397,29,18
3179,28,"11",43,392,36,6
3180,28,"11",43,392,36,18
3181,28,"11",43,389,25,16
3182,27,"8",82,405,8,3
3183,27,"8",82,405,8,8
3184,27,"8",82,402,28,11
3185,27,"8",82,402,28,6
3186,29,"11",43,379,30,18
3187,29,"11",43,385,48,13
3188,29,"11",43,385,48,18
3189,29,"11",43,380,45,14
3190,28,"11",43,389,25,18
3191,28,"11",43,388,38,7
3192,28,"11",43,388,38,18
3193,27,"8",82,401,25,3
3194,27,"8",82,401,25,4
3195,27,"9",33,407,38,3
3196,29,"11",43,380,45,18
3197,29,"11",43,382,29,4
3198,29,"11",43,382,29,18
3199,27,"9",33,407,38,18
3200,27,"9",33,404,42,4
3201,27,"9",33,404,42,18
3202,27,"9",33,402,28,1
3203,27,"9",33,402,28,18
3204,27,"9",33,401,25,17
3205,27,"9",33,401,25,18
